Company Name,Total Jobs,Post Link,Company Link
CÔNG TY CỔ PHẦN CÔNG NGHỆ ALPHAWAY,17,https://www.topcv.vn/viec-lam/ios-developer/1880002.html?ta_source=ITJobs_LinkDetail,https://www.topcv.vn/cong-ty/cong-ty-co-phan-cong-nghe-alphaway/201267.html
FPT Software,15,https://www.topcv.vn/viec-lam/project-manager-signing-bonus-40m/1877173.html?ta_source=ITJobs_LinkDetail,https://www.topcv.vn/cong-ty/fpt-software/3.html
CÔNG TY TNHH VETC DIGITAL,10,https://www.topcv.vn/viec-lam/chuyen-vien-kiem-thu-phan-mem-tester/1888678.html?ta_source=ITJobs_LinkDetail,https://www.topcv.vn/cong-ty/cong-ty-tnhh-vetc-digital/235225.html
CÔNG TY TNHH NEO TALENT,9,https://www.topcv.vn/viec-lam/thuc-tap-sinh-lap-trinh-back-end/1882594.html?ta_source=ITJobs_LinkDetail,https://www.topcv.vn/cong-ty/cong-ty-tnhh-neo-talent/210511.html
Công ty CP Giải pháp Thanh toán Việt Nam (VNPAY),9,https://www.topcv.vn/viec-lam/lap-trinh-vien-sql/1865994.html?ta_source=ITJobs_LinkDetail,https://www.topcv.vn/cong-ty/cong-ty-cp-giai-phap-thanh-toan-viet-nam-vnpay/200858.html
CÔNG TY CỔ PHẦN CÔNG NGHỆ AN NINH MẠNG QUỐC GIA VIỆT NAM,8,https://www.topcv.vn/viec-lam/thuc-tap-sinh-malware/1881206.html?ta_source=ITJobs_LinkDetail,https://www.topcv.vn/cong-ty/cong-ty-co-phan-cong-nghe-an-ninh-mang-quoc-gia-viet-nam/129392.html
FPT Smart Cloud (FCI),8,https://www.topcv.vn/viec-lam/fullstack-engineer-ai-conversation/1761878.html?ta_source=ITJobs_LinkDetail,https://www.topcv.vn/cong-ty/fpt-smart-cloud-fci/78876.html
CÔNG TY TNHH MỘT THÀNH VIÊN AN NINH MẠNG VIETTEL,8,https://www.topcv.vn/viec-lam/customer-threat-intelligence-manager/1865736.html?ta_source=ITJobs_LinkDetail,https://www.topcv.vn/cong-ty/cong-ty-tnhh-mot-thanh-vien-an-ninh-mang-viettel/227595.html
Công ty Cổ phần Công nghệ KiotViet,8,https://www.topcv.vn/viec-lam/product-manager-omni-channel-product/1880403.html?ta_source=ITJobs_LinkDetail,https://www.topcv.vn/cong-ty/cong-ty-co-phan-cong-nghe-kiotviet/136233.html
CÔNG TY TNHH MUMESOFT INNOVATION,7,https://www.topcv.vn/viec-lam/lap-trinh-fullstack-net-angularjs/1886803.html?ta_source=ITJobs_LinkDetail,https://www.topcv.vn/cong-ty/cong-ty-tnhh-mumesoft-innovation/139952.html
"TECHVIFY SOFTWARE., JSC",7,https://www.topcv.vn/viec-lam/backend-developer-have-japanese/1816337.html?ta_source=ITJobs_LinkDetail,https://www.topcv.vn/cong-ty/techvify-software-jsc/107493.html
CÔNG TY CỔ PHẦN DỊCH VỤ DI ĐỘNG THỂ HỆ MỚI (NMS),6,https://www.topcv.vn/viec-lam/manual-tester/1566996.html?ta_source=ITJobs_LinkDetail,https://www.topcv.vn/cong-ty/cong-ty-co-phan-dich-vu-di-dong-the-he-moi-nms/75094.html
Công ty TNHH Giải pháp Phân tích dữ liệu Insight Data,6,https://www.topcv.vn/viec-lam/database-administrator/1877260.html?ta_source=ITJobs_LinkDetail,https://www.topcv.vn/cong-ty/cong-ty-tnhh-giai-phap-phan-tich-du-lieu-insight-data/110386.html
Công ty Cổ phần Tập đoàn Meey Land,6,https://www.topcv.vn/viec-lam/truong-nhom-esg/1887442.html?ta_source=ITJobs_LinkDetail,https://www.topcv.vn/cong-ty/cong-ty-co-phan-tap-doan-meey-land/33933.html
CÔNG TY TNHH SAMSUNG SDS VIỆT NAM,6,https://www.topcv.vn/viec-lam/fullstack-developer-java-reactjs/1803327.html?ta_source=ITJobs_LinkDetail,https://www.topcv.vn/cong-ty/cong-ty-tnhh-samsung-sds-viet-nam/200963.html
Công ty cổ phần Synodus,6,https://www.topcv.vn/viec-lam/middle-fullstack-java-3-nam-kinh-nghiem-luong-35m/1746377.html?ta_source=ITJobs_LinkDetail,https://www.topcv.vn/cong-ty/cong-ty-co-phan-synodus/111658.html
Công ty Cổ Phần Rikkeisoft,6,https://www.topcv.vn/viec-lam/business-analyst-n2-n1-jlpt/1870457.html?ta_source=ITJobs_LinkDetail,https://www.topcv.vn/cong-ty/cong-ty-co-phan-rikkeisoft/198880.html
Công ty Cổ phần MISA,6,https://www.topcv.vn/viec-lam/mobile-developer-android-ios-thu-nhap-upto-35m/1866169.html?ta_source=ITJobs_LinkDetail,https://www.topcv.vn/cong-ty/cong-ty-co-phan-misa/198409.html
CÔNG TY CỔ PHẦN TINASOFT VIỆT NAM,5,https://www.topcv.vn/viec-lam/java-spring-boot/1861350.html?ta_source=ITJobs_LinkDetail,https://www.topcv.vn/cong-ty/cong-ty-co-phan-tinasoft-viet-nam/212816.html
Công ty Cổ phần Giải pháp Công nghệ TTC Việt Nam,5,https://www.topcv.vn/viec-lam/automation-test-homichi-luong-upto-40m/1865179.html?ta_source=ITJobs_LinkDetail,https://www.topcv.vn/cong-ty/cong-ty-co-phan-giai-phap-cong-nghe-ttc-viet-nam/18143.html
CÔNG TY TNHH CÔNG NGHỆ EZCLOUD TOÀN CẦU,5,https://www.topcv.vn/viec-lam/data-engineer/1868860.html?ta_source=ITJobs_LinkDetail,https://www.topcv.vn/cong-ty/cong-ty-tnhh-cong-nghe-ezcloud-toan-cau/4952.html
Công Ty Cổ Phần GoGroup,5,https://www.topcv.vn/viec-lam/manual-tester-bank/1864999.html?ta_source=ITJobs_LinkDetail,https://www.topcv.vn/cong-ty/cong-ty-co-phan-gogroup/110214.html
Công ty CP Kinh doanh F88,5,https://www.topcv.vn/viec-lam/senior-it-security-devsecops/1889599.html?ta_source=ITJobs_LinkDetail,https://www.topcv.vn/cong-ty/cong-ty-cp-kinh-doanh-f88/201111.html
Công Ty TNHH Bảo Hiểm Tasco,5,https://www.topcv.vn/viec-lam/nhan-vien-van-hanh-he-thong-operation-executive/1865307.html?ta_source=ITJobs_LinkDetail,https://www.topcv.vn/cong-ty/cong-ty-tnhh-bao-hiem-tasco/183801.html
Công ty cổ phần Công nghệ Sapo,5,https://www.topcv.vn/viec-lam/ai-developer/1886061.html?ta_source=ITJobs_LinkDetail,https://www.topcv.vn/cong-ty/cong-ty-co-phan-cong-nghe-sapo/11698.html
Công ty Cổ phần JVB Việt Nam,4,https://www.topcv.vn/viec-lam/thuc-tap-sinh-python-ai-reactjs-php/1891565.html?ta_source=ITJobs_LinkDetail,https://www.topcv.vn/cong-ty/cong-ty-co-phan-jvb-viet-nam/14654.html
Công ty TNHH Fetek Việt Nam,4,https://www.topcv.vn/viec-lam/nodejs-developer/1794897.html?ta_source=ITJobs_LinkDetail,https://www.topcv.vn/cong-ty/cong-ty-tnhh-fetek-viet-nam/139548.html
Công ty Cổ phần Funtap,4,https://www.topcv.vn/viec-lam/devops-engineer-mang-fintech-luong-up-to-45-trieu/1855543.html?ta_source=ITJobs_LinkDetail,https://www.topcv.vn/cong-ty/cong-ty-co-phan-funtap/571.html
Công ty TNHH SETA international Việt Nam,4,https://www.topcv.vn/viec-lam/project-manager/1885260.html?ta_source=ITJobs_LinkDetail,https://www.topcv.vn/cong-ty/cong-ty-tnhh-seta-international-viet-nam/9481.html
công ty cổ phần Data Impact,4,https://www.topcv.vn/viec-lam/back-end-developer-python/1584499.html?ta_source=ITJobs_LinkDetail,https://www.topcv.vn/cong-ty/cong-ty-co-phan-data-impact/147441.html
CÔNG TY CỔ PHẦN FIVE-STAR E-LEARNING,4,https://www.topcv.vn/viec-lam/business-analyst-nhan-vien-phan-tich-nghiep-vu/1292161.html?ta_source=ITJobs_LinkDetail,https://www.topcv.vn/cong-ty/cong-ty-co-phan-five-star-e-learning/131572.html
CÔNG TY CỔ PHẦN GIẢI PHÁP CÔNG NGHỆ NEWWAY,4,https://www.topcv.vn/viec-lam/lap-trinh-vien-front-end-vuejs/664983.html?ta_source=ITJobs_LinkDetail,https://www.topcv.vn/cong-ty/cong-ty-co-phan-giai-phap-cong-nghe-newway/70805.html
Công ty Cổ phần GEM,4,https://www.topcv.vn/viec-lam/data-engineer-snowflake-databricks/1880345.html?ta_source=ITJobs_LinkDetail,https://www.topcv.vn/cong-ty/cong-ty-co-phan-gem/4426.html
Công Ty Cổ Phần VCCorp,4,https://www.topcv.vn/viec-lam/ky-su-he-thong-cloud-engineer/1885282.html?ta_source=ITJobs_LinkDetail,https://www.topcv.vn/cong-ty/cong-ty-co-phan-vccorp/115085.html
CÔNG TY TNHH HORUS PRODUCTIONS,4,https://www.topcv.vn/viec-lam/tester-nhan-vien-kiem-thu-phan-mem/1880114.html?ta_source=ITJobs_LinkDetail,https://www.topcv.vn/cong-ty/cong-ty-tnhh-horus-productions/179887.html
Công ty Cổ phần Công nghệ Alphaway,4,https://www.topcv.vn/viec-lam/business-analyst-khdn/1890313.html?ta_source=ITJobs_LinkDetail,https://www.topcv.vn/cong-ty/cong-ty-co-phan-cong-nghe-alphaway/199714.html
Công ty Cổ phần Tập đoàn Công nghệ Thiên Hoàng,4,https://www.topcv.vn/viec-lam/java-developer-backend-du-an-banking/1765341.html?ta_source=ITJobs_LinkDetail,https://www.topcv.vn/cong-ty/cong-ty-co-phan-tap-doan-cong-nghe-thien-hoang/11495.html
Công Ty TNHH LG CNS VIỆT NAM,4,https://www.topcv.vn/viec-lam/process-quality-assurance-pqa/1884077.html?ta_source=ITJobs_LinkDetail,https://www.topcv.vn/cong-ty/cong-ty-tnhh-lg-cns-viet-nam/139535.html
Công Ty Cổ Phần Aggregatori Capaci,4,https://www.topcv.vn/viec-lam/middle-scrum-master/1813249.html?ta_source=ITJobs_LinkDetail,https://www.topcv.vn/cong-ty/cong-ty-co-phan-aggregatori-capaci/195367.html
CÔNG TY CỔ PHẦN TƯ VẤN CÔNG NGHỆ NGS,4,https://www.topcv.vn/viec-lam/devops-engineer/1889155.html?ta_source=ITJobs_LinkDetail,https://www.topcv.vn/cong-ty/cong-ty-co-phan-tu-van-cong-nghe-ngs/72435.html
CÔNG TY CỔ PHẦN STRINGEE,4,https://www.topcv.vn/viec-lam/front-end-developer-react-js-luong-up-to-2000/1870871.html?ta_source=ITJobs_LinkDetail,https://www.topcv.vn/cong-ty/cong-ty-co-phan-stringee/75841.html
CÔNG TY CỔ PHẦN ZTO LABS,4,https://www.topcv.vn/viec-lam/backend-developer-ai-product/1886027.html?ta_source=ITJobs_LinkDetail,https://www.topcv.vn/cong-ty/cong-ty-co-phan-zto-labs/200851.html
CÔNG TY CỔ PHẦN VSI,4,https://www.topcv.vn/viec-lam/devops-engineer/1726595.html?ta_source=ITJobs_LinkDetail,https://www.topcv.vn/cong-ty/cong-ty-co-phan-vsi/134839.html
CÔNG TY CỔ PHẦN CÔNG NGHỆ FOXAI,4,https://www.topcv.vn/viec-lam/chuyen-vien-phan-tich-nghiep-vu-business-analyst/1442562.html?ta_source=ITJobs_LinkDetail,https://www.topcv.vn/cong-ty/cong-ty-co-phan-cong-nghe-foxai/156905.html
Viettel IDC,4,https://www.topcv.vn/viec-lam/cloud-vmware-engineer/1875849.html?ta_source=ITJobs_LinkDetail,https://www.topcv.vn/cong-ty/viettel-idc/201124.html
SonatGame Studio,4,https://www.topcv.vn/viec-lam/backend-developer/1845551.html?ta_source=ITJobs_LinkDetail,https://www.topcv.vn/cong-ty/sonatgame-studio/21388.html
Khối Công nghệ thông tin - Viettel Telecom,4,https://www.topcv.vn/viec-lam/ky-su-ai-ai-engineer/1862484.html?ta_source=ITJobs_LinkDetail,https://www.topcv.vn/cong-ty/khoi-cong-nghe-thong-tin-viettel-telecom/24302.html
Công ty cổ phần phương tiện điện thông minh Selex,4,https://www.topcv.vn/viec-lam/senior-mobile-developer/1857902.html?ta_source=ITJobs_LinkDetail,https://www.topcv.vn/cong-ty/cong-ty-co-phan-phuong-tien-dien-thong-minh-selex/25184.html
CÔNG TY TNHH CÔNG NGHỆ NHẬN THỨC MÁY HORUS AI,3,https://www.topcv.vn/viec-lam/nhan-vien-2d-artist-marketing/1791271.html?ta_source=ITJobs_LinkDetail,https://www.topcv.vn/cong-ty/cong-ty-tnhh-cong-nghe-nhan-thuc-may-horus-ai/217777.html
CÔNG TY TNHH KỸ SƯ CÔNG NGHỆ CAO VN,3,https://www.topcv.vn/viec-lam/lap-trinh-vien-fresher-tieng-nhat/1531271.html?ta_source=ITJobs_LinkDetail,https://www.topcv.vn/cong-ty/cong-ty-tnhh-ky-su-cong-nghe-cao-vn/6864.html
CÔNG TY CỔ PHẦN AZ GLOBAL CORP,3,https://www.topcv.vn/viec-lam/senior-artist/1877329.html?ta_source=ITJobs_LinkDetail,https://www.topcv.vn/cong-ty/cong-ty-co-phan-az-global-corp/213126.html
CÔNG TY CỔ PHẦN ĐẦU TƯ VÀ CÔNG NGHỆ SOLID,3,https://www.topcv.vn/viec-lam/it-business-analyst-phan-tich-nghiep-vu/1878893.html?ta_source=ITJobs_LinkDetail,https://www.topcv.vn/cong-ty/cong-ty-co-phan-dau-tu-va-cong-nghe-solid/153977.html
Công ty Cổ phần Tổng hợp Việt Nhật (Vinicorp),3,https://www.topcv.vn/viec-lam/tester-manual-nhan-vien-kiem-thu-phan-mem-biet-tieng-nhat-tu-1-nam-kinh-nghiem-nhan-viec-ngay-tai-ha-noi/1879791.html?ta_source=ITJobs_LinkDetail,https://www.topcv.vn/cong-ty/cong-ty-co-phan-tong-hop-viet-nhat-vinicorp/20103.html
Tek Experts Vietnam,3,https://www.topcv.vn/viec-lam/senior-software-developer-java-net-node-js/1882412.html?ta_source=ITJobs_LinkDetail,https://www.topcv.vn/cong-ty/tek-experts-vietnam/21670.html
Ngân hàng TMCP Hàng Hải Việt Nam (MSB),3,https://www.topcv.vn/viec-lam/senior-front-end-developer-angular/1857422.html?ta_source=ITJobs_LinkDetail,https://www.topcv.vn/cong-ty/ngan-hang-tmcp-hang-hai-viet-nam-msb/198976.html
CÔNG TY CỔ PHẦN ĐẦU TƯ VÀ PHÁT TRIỂN TRÍ TUỆ NHÂN TẠO AIDIA,3,https://www.topcv.vn/viec-lam/business-analyst-phan-tich-nghiep-vu-ba/1878673.html?ta_source=ITJobs_LinkDetail,https://www.topcv.vn/cong-ty/cong-ty-co-phan-dau-tu-va-phat-trien-tri-tue-nhan-tao-aidia/233704.html
CÔNG TY CỔ PHẦN CÔNG NGHỆ UPP TOÀN CẦU,3,https://www.topcv.vn/viec-lam/ky-su-ai/1439766.html?ta_source=ITJobs_LinkDetail,https://www.topcv.vn/cong-ty/cong-ty-co-phan-cong-nghe-upp-toan-cau/113399.html
CÔNG TY TNHH GEMCOMMERCE,3,https://www.topcv.vn/viec-lam/business-analyst/1840636.html?ta_source=ITJobs_LinkDetail,https://www.topcv.vn/cong-ty/cong-ty-tnhh-gemcommerce/81650.html
CÔNG TY CỔ PHẦN PARALINE SOFTWARE,3,https://www.topcv.vn/viec-lam/manual-tester-onsite-bank/1689425.html?ta_source=ITJobs_LinkDetail,https://www.topcv.vn/cong-ty/cong-ty-co-phan-paraline-software/84040.html
Eastgate Software JSC,3,https://www.topcv.vn/viec-lam/java-developer/1867368.html?ta_source=ITJobs_LinkDetail,https://www.topcv.vn/cong-ty/eastgate-software-jsc/11604.html
Công ty TNHH Dịch vụ công nghệ TP,3,https://www.topcv.vn/viec-lam/reactjs-nextjs-developer-15-18-thang-luong/1873131.html?ta_source=ITJobs_LinkDetail,https://www.topcv.vn/cong-ty/cong-ty-tnhh-dich-vu-cong-nghe-tp/46569.html
Công ty cổ phần giải pháp MKT,3,https://www.topcv.vn/viec-lam/lap-trinh-vien-nodejs-kn-2-nam/1857055.html?ta_source=ITJobs_LinkDetail,https://www.topcv.vn/cong-ty/cong-ty-co-phan-giai-phap-mkt/129986.html
Văn phòng đại diện NSTAGE INC tại thành phố Hà Nội,3,https://www.topcv.vn/viec-lam/2d-ui-game-artist-mid-core-dark-fantasy-rpg-ha-noi-thu-nhap-upto-1200-ho-tro-hoc-ngoai-ngu-co-co-hoi-cong-tac-tai-han-quoc/1812996.html?ta_source=ITJobs_LinkDetail,https://www.topcv.vn/cong-ty/van-phong-dai-dien-nstage-inc-tai-thanh-pho-ha-noi/230140.html
Công ty cổ phần phần mềm REVOTECH,3,https://www.topcv.vn/viec-lam/lap-trinh-vien-java-fullstack-di-lam-ngay-upto-32m/1272480.html?ta_source=ITJobs_LinkDetail,https://www.topcv.vn/cong-ty/cong-ty-co-phan-phan-mem-revotech/70799.html
Viettel Digital,3,https://www.topcv.vn/viec-lam/java-developer-middle/1425673.html?ta_source=ITJobs_LinkDetail,https://www.topcv.vn/cong-ty/viettel-digital/198937.html
Công ty Cổ phần Hệ thống Công nghệ ETC,3,https://www.topcv.vn/viec-lam/soc-analyst/1884680.html?ta_source=ITJobs_LinkDetail,https://www.topcv.vn/cong-ty/cong-ty-co-phan-he-thong-cong-nghe-etc/200939.html
BSS Group,3,https://www.topcv.vn/viec-lam/junior-tester/1882540.html?ta_source=ITJobs_LinkDetail,https://www.topcv.vn/cong-ty/bss-group/405.html
TẬP ĐOÀN CÔNG NGHIỆP - VIỄN THÔNG QUÂN ĐỘI,3,https://www.topcv.vn/viec-lam/loyalty-lead/1887274.html?ta_source=ITJobs_LinkDetail,https://www.topcv.vn/cong-ty/tap-doan-cong-nghiep-vien-thong-quan-doi/198518.html
Công ty TNHH Thu phí tự động VETC,3,https://www.topcv.vn/viec-lam/java-developer/1724815.html?ta_source=ITJobs_LinkDetail,https://www.topcv.vn/cong-ty/cong-ty-tnhh-thu-phi-tu-dong-vetc/18795.html
Công ty cổ phần TechLead,3,https://www.topcv.vn/viec-lam/it-project-manager/1154760.html?ta_source=ITJobs_LinkDetail,https://www.topcv.vn/cong-ty/cong-ty-co-phan-techlead/112480.html
CÔNG TY TNHH DỊCH VỤ SỐ DIGILIFE VIỆT NAM,3,https://www.topcv.vn/viec-lam/chuyen-vien-an-toan-thong-tin-tu-2-nam-kinh-nghiem-dai-ngo-hap-dan-tai-ha-noi/1830699.html?ta_source=ITJobs_LinkDetail,https://www.topcv.vn/cong-ty/cong-ty-tnhh-dich-vu-so-digilife-viet-nam/33666.html
CÔNG TY CỔ PHẦN TRUYỀN THÔNG VĂN HOÁ VIỆT,3,https://www.topcv.vn/viec-lam/project-manager-pm/1602500.html?ta_source=ITJobs_LinkDetail,https://www.topcv.vn/cong-ty/cong-ty-co-phan-truyen-thong-van-hoa-viet/35129.html
Công ty cổ phần Ecoit,3,https://www.topcv.vn/viec-lam/java-developer-co-kinh-nghiem-lam-liferay/1853631.html?ta_source=ITJobs_LinkDetail,https://www.topcv.vn/cong-ty/cong-ty-co-phan-ecoit/46252.html
CÔNG TY CỔ PHẦN TẬP ĐOÀN APEC GROUP,3,https://www.topcv.vn/viec-lam/backend-developer-c-java-python/1888552.html?ta_source=ITJobs_LinkDetail,https://www.topcv.vn/cong-ty/cong-ty-co-phan-tap-doan-apec-group/135699.html
Công ty cổ phần BEE TECH ASIA,3,https://www.topcv.vn/viec-lam/middle-ios-flutter-developer/1455459.html?ta_source=ITJobs_LinkDetail,https://www.topcv.vn/cong-ty/cong-ty-co-phan-bee-tech-asia/167975.html
Công Ty TNHH Avepoint Việt Nam,3,https://www.topcv.vn/viec-lam/ky-su-dam-bao-chat-luong-fresher-middle-qa-tester-tieng-anh-tot-lam-viec-tai-ha-noi-da-nang-thu-nhap-cao/1445229.html?ta_source=ITJobs_LinkDetail,https://www.topcv.vn/cong-ty/cong-ty-tnhh-avepoint-viet-nam/99334.html
CÔNG TY CỔ PHẦN SMARTOSC,3,https://www.topcv.vn/viec-lam/ai-engineer/1875539.html?ta_source=ITJobs_LinkDetail,https://www.topcv.vn/cong-ty/cong-ty-co-phan-smartosc/84788.html
Công ty Cổ phần Falcon Technology,3,https://www.topcv.vn/viec-lam/fresher-backend-java-offer-15-30m-thu-viec-full-luong/1861232.html?ta_source=ITJobs_LinkDetail,https://www.topcv.vn/cong-ty/cong-ty-co-phan-falcon-technology/154490.html
Công ty Cổ phần Đầu tư Mobino,3,https://www.topcv.vn/viec-lam/admin-du-an/1888239.html?ta_source=ITJobs_LinkDetail,https://www.topcv.vn/cong-ty/cong-ty-co-phan-dau-tu-mobino/27212.html
Asilla Việt Nam,2,https://www.topcv.vn/viec-lam/software-developer-c-chi-tuyen-uv-da-co-kinh-nghiem/1863707.html?ta_source=ITJobs_LinkDetail,https://www.topcv.vn/cong-ty/asilla-viet-nam/20269.html
Công Ty Cổ Phần Edulive Toàn Cầu,2,https://www.topcv.vn/viec-lam/quan-ly-du-an-phan-mem/1661797.html?ta_source=ITJobs_LinkDetail,https://www.topcv.vn/cong-ty/cong-ty-co-phan-edulive-toan-cau/27371.html
Newwave Solutions JSC,2,https://www.topcv.vn/viec-lam/middle-senior-frontend-developer-angular-english-speaking-offer-upto-45m-lam-viec-thu-2-thu-6/1857368.html?ta_source=ITJobs_LinkDetail,https://www.topcv.vn/cong-ty/newwave-solutions-jsc/14514.html
Ngân Hàng TMCP An Bình,2,https://www.topcv.vn/viec-lam/project-manager-chuyen-gia-quan-tri-du-an-cong-nghe-thong-tin/1658546.html?ta_source=ITJobs_LinkDetail,https://www.topcv.vn/cong-ty/ngan-hang-tmcp-an-binh/85587.html
CÔNG TY CỔ PHẦN CÔNG NGHỆ SAVA META,2,https://www.topcv.vn/viec-lam/senior-database-engineer/1652954.html?ta_source=ITJobs_LinkDetail,https://www.topcv.vn/cong-ty/cong-ty-co-phan-cong-nghe-sava-meta/179560.html
CÔNG TY TNHH ACWORKS VIỆT NAM,2,https://www.topcv.vn/viec-lam/truong-phong-ai-team-leader-luong-55tr-tro-len-yeu-cau-5-nam-kinh-nghiem-tai-ha-noi/1863315.html?ta_source=ITJobs_LinkDetail,https://www.topcv.vn/cong-ty/cong-ty-tnhh-acworks-viet-nam/67414.html
Công ty TNHH Tổng công ty Công nghệ & Giải pháp CMC,2,https://www.topcv.vn/viec-lam/it-helpdesk-tieng-anh-giao-tiep/1860919.html?ta_source=ITJobs_LinkDetail,https://www.topcv.vn/cong-ty/cong-ty-tnhh-tong-cong-ty-cong-nghe-giai-phap-cmc/6525.html
CÔNG TY TNHH ZINZA TECHNOLOGY,2,https://www.topcv.vn/viec-lam/smart-contract-developer-blockchain/1846979.html?ta_source=ITJobs_LinkDetail,https://www.topcv.vn/cong-ty/cong-ty-tnhh-zinza-technology/6692.html
Viettel Software,2,https://www.topcv.vn/viec-lam/brse-thi-truong-han-quoc/1886916.html?ta_source=ITJobs_LinkDetail,https://www.topcv.vn/cong-ty/viettel-software/153463.html
CÔNG TY TNHH MỘT THÀNH VIÊN CÔNG NGHỆ VÀ THƯƠNG MẠI WIINVENT,2,https://www.topcv.vn/viec-lam/lap-trinh-vien-back-end-java/1842614.html?ta_source=ITJobs_LinkDetail,https://www.topcv.vn/cong-ty/cong-ty-tnhh-mot-thanh-vien-cong-nghe-va-thuong-mai-wiinvent/104882.html
CÔNG TY CỔ PHẦN THIẾT BỊ VÀ TRUYỀN THÔNG NGS,2,https://www.topcv.vn/viec-lam/system-engineer/1605610.html?ta_source=ITJobs_LinkDetail,https://www.topcv.vn/cong-ty/cong-ty-co-phan-thiet-bi-va-truyen-thong-ngs/79699.html
CÔNG TY CỔ PHẦN THƯƠNG MẠI & DỊCH VỤ MEDLATEC GROUP,2,https://www.topcv.vn/viec-lam/chuyen-vien-quan-tri-co-so-du-lieu-dba/699691.html?ta_source=ITJobs_LinkDetail,https://www.topcv.vn/cong-ty/cong-ty-co-phan-thuong-mai-dich-vu-medlatec-group/165643.html
XIPAT FLEXIBLE SOLUTIONS COMPANY LIMITED,2,https://www.topcv.vn/viec-lam/2d-game-artist-junior-middle/1856877.html?ta_source=ITJobs_LinkDetail,https://www.topcv.vn/cong-ty/xipat-flexible-solutions-company-limited/98523.html
CÔNG TY TNHH CÔNG NGHỆ THÔNG TIN VÀ VIỄN THÔNG DOLPHIN,2,https://www.topcv.vn/viec-lam/flutter-developer/1880490.html?ta_source=ITJobs_LinkDetail,https://www.topcv.vn/cong-ty/cong-ty-tnhh-cong-nghe-thong-tin-va-vien-thong-dolphin/235900.html
CÔNG TY CỔ PHẦN TRUYỀN HÌNH TƯƠNG TÁC VIỆT NAM,2,https://www.topcv.vn/viec-lam/nhan-vien-android-developer-3-nam-kinh-nghiem/1593807.html?ta_source=ITJobs_LinkDetail,https://www.topcv.vn/cong-ty/cong-ty-co-phan-truyen-hinh-tuong-tac-viet-nam/167119.html
CÔNG TY CỔ PHẦN TRUYỀN THÔNG VÀ GIẢI TRÍ HG MEDIA,2,https://www.topcv.vn/viec-lam/product-owner/1885965.html?ta_source=ITJobs_LinkDetail,https://www.topcv.vn/cong-ty/cong-ty-co-phan-truyen-thong-va-giai-tri-hg-media/55696.html
CÔNG TY TNHH PHÁT TRIỂN CÔNG NGHỆ LAYOUTHUB,2,https://www.topcv.vn/viec-lam/it-support-tieng-anh-tot-biet-html-css-luong-tu-8-12-trieu/1868333.html?ta_source=ITJobs_LinkDetail,https://www.topcv.vn/cong-ty/cong-ty-tnhh-phat-trien-cong-nghe-layouthub/228577.html
CÔNG TY TNHH CÔNG NGHỆ AMCOLAB,2,https://www.topcv.vn/viec-lam/nhan-vien-qa-tieng-nhat/1843779.html?ta_source=ITJobs_LinkDetail,https://www.topcv.vn/cong-ty/cong-ty-tnhh-cong-nghe-amcolab/193859.html
CÔNG TY CỔ PHẦN PHẦN MỀM THĂNG LONG,2,https://www.topcv.vn/viec-lam/lap-trinh-vien-c/1862755.html?ta_source=ITJobs_LinkDetail,https://www.topcv.vn/cong-ty/cong-ty-co-phan-phan-mem-thang-long/169967.html
CÔNG TY CỔ PHẦN ĐẦU TƯ VÀ CÔNG NGHỆ BAVAAN,2,https://www.topcv.vn/viec-lam/project-manager-it/1875641.html?ta_source=ITJobs_LinkDetail,https://www.topcv.vn/cong-ty/cong-ty-co-phan-dau-tu-va-cong-nghe-bavaan/103541.html
CÔNG TY CỔ PHẦN SMART - SOLUTIONS VIỆT NAM,2,https://www.topcv.vn/viec-lam/nhan-vien-tester-qa-tu-1-nam-kinh-nghiem/1886549.html?ta_source=ITJobs_LinkDetail,https://www.topcv.vn/cong-ty/cong-ty-co-phan-smart-solutions-viet-nam/114575.html
CÔNG TY CỔ PHẦN AHT TECH,2,https://www.topcv.vn/viec-lam/c-c-developer/1858884.html?ta_source=ITJobs_LinkDetail,https://www.topcv.vn/cong-ty/cong-ty-co-phan-aht-tech/130894.html
CÔNG TY CỔ PHẦN ĐẦU TƯ VÀ CÔNG NGHỆ BẦU TRỜI XANH,2,https://www.topcv.vn/viec-lam/lap-trinh-vien-phat-trien-ung-dung-mobile-du-an-giao-duc-so/1790469.html?ta_source=ITJobs_LinkDetail,https://www.topcv.vn/cong-ty/cong-ty-co-phan-dau-tu-va-cong-nghe-bau-troi-xanh/150204.html
CÔNG TY CỔ PHẦN BUCA,2,https://www.topcv.vn/viec-lam/junior-business-analyst-domain-tai-chinh-ke-toan/1823145.html?ta_source=ITJobs_LinkDetail,https://www.topcv.vn/cong-ty/cong-ty-co-phan-buca/69383.html
CÔNG TY TNHH GROOO INTERNATIONAL,2,https://www.topcv.vn/viec-lam/business-analyst-ba-nhan-vien-phan-tich-nghiep-vu-chung-khoan-tai-quan-1-hcm-va-cau-giay-ha-noi/1888159.html?ta_source=ITJobs_LinkDetail,https://www.topcv.vn/cong-ty/cong-ty-tnhh-grooo-international/223050.html
CHI NHÁNH TẠI THÀNH PHỐ HÀ NỘI – CÔNG TY TNHH REERACOEN VIỆT NAM,2,https://www.topcv.vn/viec-lam/project-manager-it-10-nam-kinh-nghiem-thu-nhap-50-60-trieu-tai-ha-noi/1857651.html?ta_source=ITJobs_LinkDetail,https://www.topcv.vn/cong-ty/chi-nhanh-tai-thanh-pho-ha-noi-cong-ty-tnhh-reeracoen-viet-nam/5497.html
Cty TNHH Thundersoft Việt Nam,2,https://www.topcv.vn/viec-lam/system-ui-leader/1880246.html?ta_source=ITJobs_LinkDetail,https://www.topcv.vn/cong-ty/cty-tnhh-thundersoft-viet-nam/86165.html
Winter Wolf - IEC Games,2,https://www.topcv.vn/viec-lam/intern-game-tester/707131.html?ta_source=ITJobs_LinkDetail,https://www.topcv.vn/cong-ty/winter-wolf-iec-games/75819.html
CÔNG TY TNHH HAPIGA VIỆT NAM,2,https://www.topcv.vn/viec-lam/ctv-xep-level-game-design/1796933.html?ta_source=ITJobs_LinkDetail,https://www.topcv.vn/cong-ty/cong-ty-tnhh-hapiga-viet-nam/156443.html
CÔNG TY TNHH VERISERVE VIỆT NAM,2,https://www.topcv.vn/viec-lam/technical-lead-c-java-python-upto-65m/1881418.html?ta_source=ITJobs_LinkDetail,https://www.topcv.vn/cong-ty/cong-ty-tnhh-veriserve-viet-nam/152330.html
CÔNG TY CỔ PHẦN ĐẦU TƯ AHV HOLDING,2,https://www.topcv.vn/viec-lam/tester-android-app-tai-ha-noi/1887370.html?ta_source=ITJobs_LinkDetail,https://www.topcv.vn/cong-ty/cong-ty-co-phan-dau-tu-ahv-holding/223331.html
CÔNG TY CỔ PHẦN ĐẦU TƯ CÔNG NGHỆ HOÀNG HUY,2,https://www.topcv.vn/viec-lam/truong-nhom-phan-tich-nghiep-vu/1885468.html?ta_source=ITJobs_LinkDetail,https://www.topcv.vn/cong-ty/cong-ty-co-phan-dau-tu-cong-nghe-hoang-huy/217096.html
CÔNG TY CỔ PHẦN JARVIS GLOBAL,2,https://www.topcv.vn/viec-lam/devops-engineer/1884711.html?ta_source=ITJobs_LinkDetail,https://www.topcv.vn/cong-ty/cong-ty-co-phan-jarvis-global/164292.html
CÔNG TY CỔ PHẦN LIFETEX,2,https://www.topcv.vn/viec-lam/truong-nhom-business-analyst/1877729.html?ta_source=ITJobs_LinkDetail,https://www.topcv.vn/cong-ty/cong-ty-co-phan-lifetex/178114.html
Công ty CP Công nghệ Cyber Eye,2,https://www.topcv.vn/viec-lam/nhan-vien-trien-khai-phan-mem/1796238.html?ta_source=ITJobs_LinkDetail,https://www.topcv.vn/cong-ty/cong-ty-cp-cong-nghe-cyber-eye/63750.html
Công ty Cổ phần Đầu tư Phát triển Công nghệ và Truyền thông,2,https://www.topcv.vn/viec-lam/quan-tri-he-thong-sa-system-engineer-linux-dba/1002884.html?ta_source=ITJobs_LinkDetail,https://www.topcv.vn/cong-ty/cong-ty-co-phan-dau-tu-phat-trien-cong-nghe-va-truyen-thong/671.html
Công ty Cổ phần đầu tư Công Nghệ và Thương Mại Softdreams,2,https://www.topcv.vn/viec-lam/middle-net-muc-luong-thoa-thuan-theo-nang-luc/1872060.html?ta_source=ITJobs_LinkDetail,https://www.topcv.vn/cong-ty/cong-ty-co-phan-dau-tu-cong-nghe-va-thuong-mai-softdreams/17639.html
Công ty Cổ phẩn Lotus Quality Assurance,2,https://www.topcv.vn/viec-lam/devops-engineer/1692934.html?ta_source=ITJobs_LinkDetail,https://www.topcv.vn/cong-ty/cong-ty-co-phan-lotus-quality-assurance/25343.html
Công ty Cổ phần Tập đoàn Đầu tư EMIR,2,https://www.topcv.vn/viec-lam/pho-phong-cong-nghe-thong-tin-tai-chinh/1891530.html?ta_source=ITJobs_LinkDetail,https://www.topcv.vn/cong-ty/cong-ty-co-phan-tap-doan-dau-tu-emir/123921.html
Công ty Cổ phần Chứng khoán An Bình,2,https://www.topcv.vn/viec-lam/frontend-developer/1889660.html?ta_source=ITJobs_LinkDetail,https://www.topcv.vn/cong-ty/cong-ty-co-phan-chung-khoan-an-binh/200988.html
Công ty Cổ phần viễn thông FPT,2,https://www.topcv.vn/viec-lam/network-engineer/1882588.html?ta_source=ITJobs_LinkDetail,https://www.topcv.vn/cong-ty/cong-ty-co-phan-vien-thong-fpt/2419.html
Công ty cổ phần PayPay,2,https://www.topcv.vn/viec-lam/java-backend-leader/1718449.html?ta_source=ITJobs_LinkDetail,https://www.topcv.vn/cong-ty/cong-ty-co-phan-paypay/211481.html
Công ty cổ phần Tasco,2,https://www.topcv.vn/viec-lam/business-analyst-senior-level/1589913.html?ta_source=ITJobs_LinkDetail,https://www.topcv.vn/cong-ty/cong-ty-co-phan-tasco/200901.html
Công ty cổ phần công nghệ ứng dụng Arabica Việt Nam,2,https://www.topcv.vn/viec-lam/middle-java-backend/1793062.html?ta_source=ITJobs_LinkDetail,https://www.topcv.vn/cong-ty/cong-ty-co-phan-cong-nghe-ung-dung-arabica-viet-nam/138068.html
CÔNG TY CỔ PHẦN GIẢI PHÁP SỐ MOBIFONE,2,https://www.topcv.vn/viec-lam/backend-developer-nodejs-nestjs-up-to-45m-tai-ha-noi/1872417.html?ta_source=ITJobs_LinkDetail,https://www.topcv.vn/cong-ty/cong-ty-co-phan-giai-phap-so-mobifone/231268.html
CÔNG TY CỔ PHẦN GOLAZY,2,https://www.topcv.vn/viec-lam/chuyen-vien-phan-tich-nghiep-vu-cntt-it-business-analyst/1872443.html?ta_source=ITJobs_LinkDetail,https://www.topcv.vn/cong-ty/cong-ty-co-phan-golazy/222436.html
Công ty Cổ phần Tập đoàn HiPT,2,https://www.topcv.vn/viec-lam/lap-trinh-vien-khu-vuc-tay-ho-ha-noi/547874.html?ta_source=ITJobs_LinkDetail,https://www.topcv.vn/cong-ty/cong-ty-co-phan-tap-doan-hipt/200866.html
CÔNG TY CỔ PHẦN EVERSTAR GLOBAL,2,https://www.topcv.vn/viec-lam/senior-back-end-developer-lap-trinh-vien-back-end-luong-upto-35tr-gross-yeu-cau-3-nam-kinh-nghiem/1871914.html?ta_source=ITJobs_LinkDetail,https://www.topcv.vn/cong-ty/cong-ty-co-phan-everstar-global/147765.html
Công ty Cổ phần Tập đoàn Karofi,2,https://www.topcv.vn/viec-lam/embedded-system-developer/1891866.html?ta_source=ITJobs_LinkDetail,https://www.topcv.vn/cong-ty/cong-ty-co-phan-tap-doan-karofi/201109.html
ORBRO Inc.,2,https://www.topcv.vn/viec-lam/ai-engineer-cong-ty-it-han-quoc/1878802.html?ta_source=ITJobs_LinkDetail,https://www.topcv.vn/cong-ty/orbro-inc/220781.html
Open Reach Tech Hanoi,2,https://www.topcv.vn/viec-lam/frontend-developer-thu-nhap-gross-upto-32-trieu-ho-tro-an-trua-tai-ha-noi/1885683.html?ta_source=ITJobs_LinkDetail,https://www.topcv.vn/cong-ty/open-reach-tech-hanoi/142032.html
Công ty Cổ phần Giải pháp Công nghệ Elsaga,2,https://www.topcv.vn/viec-lam/phat-trien-phan-mem-mobile-flutter-developer/1125430.html?ta_source=ITJobs_LinkDetail,https://www.topcv.vn/cong-ty/cong-ty-co-phan-giai-phap-cong-nghe-elsaga/100168.html
Công ty cổ phần giải pháp First Trust Việt Nam,2,https://www.topcv.vn/viec-lam/lap-trinh-vien-net/1875444.html?ta_source=ITJobs_LinkDetail,https://www.topcv.vn/cong-ty/cong-ty-co-phan-giai-phap-first-trust-viet-nam/24013.html
Công ty Cổ phần Công nghệ Tài chính Goline,2,https://www.topcv.vn/viec-lam/reactjs-developer/1867402.html?ta_source=ITJobs_LinkDetail,https://www.topcv.vn/cong-ty/cong-ty-co-phan-cong-nghe-tai-chinh-goline/2183.html
Công ty cổ phần phần mềm ITSOL Holdings,2,https://www.topcv.vn/viec-lam/manual-tester/1887027.html?ta_source=ITJobs_LinkDetail,https://www.topcv.vn/cong-ty/cong-ty-co-phan-phan-mem-itsol-holdings/183155.html
Công ty cổ phần phần mềm Matechmobile,2,https://www.topcv.vn/viec-lam/junior-ios-developer-swift-thu-nhap-toi-30-trieu/1779180.html?ta_source=ITJobs_LinkDetail,https://www.topcv.vn/cong-ty/cong-ty-co-phan-phan-mem-matechmobile/37180.html
Công ty CP Khoa học Dữ liệu,2,https://www.topcv.vn/viec-lam/fullstack-developer-middle-python/1877706.html?ta_source=ITJobs_LinkDetail,https://www.topcv.vn/cong-ty/cong-ty-cp-khoa-hoc-du-lieu/31913.html
Công ty TNHH AIRCLOSET ENGINEERING,2,https://www.topcv.vn/viec-lam/technical-leader/1872838.html?ta_source=ITJobs_LinkDetail,https://www.topcv.vn/cong-ty/cong-ty-tnhh-aircloset-engineering/235551.html
CÔNG TY CỔ PHẦN TẬP ĐOÀN IVI,2,https://www.topcv.vn/viec-lam/quan-ly-trien-khai-du-an-phan-mem/1278910.html?ta_source=ITJobs_LinkDetail,https://www.topcv.vn/cong-ty/cong-ty-co-phan-tap-doan-ivi/148923.html
Công ty TNHH Công Nghệ và Thương Mại Lifesup,2,https://www.topcv.vn/viec-lam/ai-engineer/1876443.html?ta_source=ITJobs_LinkDetail,https://www.topcv.vn/cong-ty/cong-ty-tnhh-cong-nghe-va-thuong-mai-lifesup/140624.html
CÔNG TY CỔ PHẦN CÔNG NGHỆ VI MÔ,2,https://www.topcv.vn/viec-lam/senior-middle-golang-developer/1891907.html?ta_source=ITJobs_LinkDetail,https://www.topcv.vn/cong-ty/cong-ty-co-phan-cong-nghe-vi-mo/198881.html
CÔNG TY CỔ PHẦN CÔNG NGHỆ SICIX,2,https://www.topcv.vn/viec-lam/project-manager-pm/1884314.html?ta_source=ITJobs_LinkDetail,https://www.topcv.vn/cong-ty/cong-ty-co-phan-cong-nghe-sicix/105653.html
CÔNG TY TNHH TECHVICO,2,https://www.topcv.vn/viec-lam/ki-su-phan-mem-amr/1880487.html?ta_source=ITJobs_LinkDetail,https://www.topcv.vn/cong-ty/cong-ty-tnhh-techvico/99167.html
CÔNG TY CỔ PHẦN CÔNG NGHỆ TECHLAB,2,https://www.topcv.vn/viec-lam/devops-engineer-fintech/1855592.html?ta_source=ITJobs_LinkDetail,https://www.topcv.vn/cong-ty/cong-ty-co-phan-cong-nghe-techlab/57556.html
Công ty TNHH Horus Productions,2,https://www.topcv.vn/viec-lam/quan-ly-du-an-linh-vuc-ai-robotics/1858045.html?ta_source=ITJobs_LinkDetail,https://www.topcv.vn/cong-ty/cong-ty-tnhh-horus-productions/157238.html
Công ty cổ phần BUFF Fintech,2,https://www.topcv.vn/viec-lam/business-analyst-fintech/1868006.html?ta_source=ITJobs_LinkDetail,https://www.topcv.vn/cong-ty/cong-ty-co-phan-buff-fintech/118919.html
Công ty cổ phần Canifa,2,https://www.topcv.vn/viec-lam/nhan-vien-ho-tro-nguoi-dung-erp/1855660.html?ta_source=ITJobs_LinkDetail,https://www.topcv.vn/cong-ty/cong-ty-co-phan-canifa/25914.html
Công ty Cổ phần Đầu Tư K&G Việt Nam,2,https://www.topcv.vn/viec-lam/chuyen-vien-phan-tich-nghiep-vu-business-analyst-erp/1862027.html?ta_source=ITJobs_LinkDetail,https://www.topcv.vn/cong-ty/cong-ty-co-phan-dau-tu-kg-viet-nam/1758.html
Công ty TNHH Đầu tư phát triển và chuyển giao công nghệ Vina,2,https://www.topcv.vn/viec-lam/chuyen-vien-dieu-phoi-du-an/1851586.html?ta_source=ITJobs_LinkDetail,https://www.topcv.vn/cong-ty/cong-ty-tnhh-dau-tu-phat-trien-va-chuyen-giao-cong-nghe-vina/22568.html
Công ty VTC Online,2,https://www.topcv.vn/viec-lam/nhan-vien-game-tester/1670303.html?ta_source=ITJobs_LinkDetail,https://www.topcv.vn/cong-ty/cong-ty-vtc-online/18499.html
CÔNG TY CỔ PHẦN DỊCH  VỤ CÔNG NGHỆ TIN HỌC HPT,2,https://www.topcv.vn/viec-lam/ky-su-giai-phap-phan-mem-software-developer-thu-nhap-tu-15-25-trieu-lam-viec-tai-ha-noi/1881898.html?ta_source=ITJobs_LinkDetail,https://www.topcv.vn/cong-ty/cong-ty-co-phan-dich-vu-cong-nghe-tin-hoc-hpt/141408.html
CÔNG TY CỔ PHẦN PAYTECH,1,https://www.topcv.vn/viec-lam/middle-flutter/1594363.html?ta_source=ITJobs_LinkDetail,https://www.topcv.vn/cong-ty/cong-ty-co-phan-paytech/184851.html
CÔNG TY CỔ PHẦN PHÁT TRIỂN KỸ THUẬT SỐ KNT,1,https://www.topcv.vn/viec-lam/network-security-engineer/1836177.html?ta_source=ITJobs_LinkDetail,https://www.topcv.vn/cong-ty/cong-ty-co-phan-phat-trien-ky-thuat-so-knt/231750.html
CÔNG TY CỔ PHẦN GREEN SPEED,1,https://www.topcv.vn/viec-lam/it-applications-analyst-programmer/1865204.html?ta_source=ITJobs_LinkDetail,https://www.topcv.vn/cong-ty/cong-ty-co-phan-green-speed/187185.html
CÔNG TY CỔ PHẦN HTN SOFTWARE,1,https://www.topcv.vn/viec-lam/lap-trinh-vien-backend-nodejs-nestjs/1877906.html?ta_source=ITJobs_LinkDetail,https://www.topcv.vn/cong-ty/cong-ty-co-phan-htn-software/231291.html
CÔNG TY CỔ PHẦN INSMART,1,https://www.topcv.vn/viec-lam/it-infrastructure-team-leader/1881136.html?ta_source=ITJobs_LinkDetail,https://www.topcv.vn/cong-ty/cong-ty-co-phan-insmart/122843.html
CÔNG TY CỔ PHẦN KAOPIZ HOLDINGS,1,https://www.topcv.vn/viec-lam/java-developer/1869093.html?ta_source=ITJobs_LinkDetail,https://www.topcv.vn/cong-ty/cong-ty-co-phan-kaopiz-holdings/161426.html
CÔNG TY CỔ PHẦN LUKLAK,1,https://www.topcv.vn/viec-lam/chuyen-vien-trien-khai-phan-mem-thu-nhap-up-to-20m-di-lam-t2-t6-tai-dong-da-hn-solution-consultant/1801620.html?ta_source=ITJobs_LinkDetail,https://www.topcv.vn/cong-ty/cong-ty-co-phan-luklak/135768.html
CÔNG TY CỔ PHẦN ĐẦU TƯ VÀ THƯƠNG MẠI QUỐC TẾ ICOM,1,https://www.topcv.vn/viec-lam/thuc-tap-sinh-quan-tri-he-thong/1878814.html?ta_source=ITJobs_LinkDetail,https://www.topcv.vn/cong-ty/cong-ty-co-phan-dau-tu-va-thuong-mai-quoc-te-icom/89932.html
CÔNG TY CỔ PHẦN ĐẦU TƯ VÔ VI,1,https://www.topcv.vn/viec-lam/ky-thuat-vien/1806888.html?ta_source=ITJobs_LinkDetail,https://www.topcv.vn/cong-ty/cong-ty-co-phan-dau-tu-vo-vi/215800.html
CÔNG TY TNHH 10KN,1,https://www.topcv.vn/viec-lam/mobile-developer-flutter/1891581.html?ta_source=ITJobs_LinkDetail,https://www.topcv.vn/cong-ty/cong-ty-tnhh-10kn/180639.html
CÔNG TY TNHH BK EDU,1,https://www.topcv.vn/viec-lam/ki-su-iot/1890435.html?ta_source=ITJobs_LinkDetail,https://www.topcv.vn/cong-ty/cong-ty-tnhh-bk-edu/237271.html
CÔNG TY TNHH BMBSOFT VIỆT NAM,1,https://www.topcv.vn/viec-lam/business-analyst/1873057.html?ta_source=ITJobs_LinkDetail,https://www.topcv.vn/cong-ty/cong-ty-tnhh-bmbsoft-viet-nam/118035.html
CÔNG TY TNHH BZCOM,1,https://www.topcv.vn/viec-lam/thuc-tap-sinh-ky-su-cau-noi-brse-intern/1805280.html?ta_source=ITJobs_LinkDetail,https://www.topcv.vn/cong-ty/cong-ty-tnhh-bzcom/69990.html
CÔNG TY TNHH CHARTERTECH GLOBAL,1,https://www.topcv.vn/viec-lam/java-backend-techlead-chung-khoan/1842974.html?ta_source=ITJobs_LinkDetail,https://www.topcv.vn/cong-ty/cong-ty-tnhh-chartertech-global/208366.html
CÔNG TY CỔ PHẦN ĐẦU TƯ GIÁO DỤC VÀ PHÁT TRIỂN CÔNG NGHỆ QUỐC TẾ LANGMASTER,1,https://www.topcv.vn/viec-lam/chuyen-vien-phan-tich-cong-nghe-middle-ba/1883006.html?ta_source=ITJobs_LinkDetail,https://www.topcv.vn/cong-ty/cong-ty-co-phan-dau-tu-giao-duc-va-phat-trien-cong-nghe-quoc-te-langmaster/56.html
CÔNG TY CỔ PHẦN ĐẦU TƯ PHÁT TRIỂN SKY CORPORATION,1,https://www.topcv.vn/viec-lam/network-security-engineer/1884208.html?ta_source=ITJobs_LinkDetail,https://www.topcv.vn/cong-ty/cong-ty-co-phan-dau-tu-phat-trien-sky-corporation/230291.html
CÔNG TY CỔ PHẦN ĐẦU TƯ TOÀN CẦU GIFT,1,https://www.topcv.vn/viec-lam/senior-full-stack-developer/1858472.html?ta_source=ITJobs_LinkDetail,https://www.topcv.vn/cong-ty/cong-ty-co-phan-dau-tu-toan-cau-gift/194104.html
CÔNG TY CỔ PHẦN ĐẦU TƯ VÀ PHÁT TRIỂN CÔNG NGHỆ TRUYỀN THÔNG NAM VIỆT,1,https://www.topcv.vn/viec-lam/system-administrator/1880848.html?ta_source=ITJobs_LinkDetail,https://www.topcv.vn/cong-ty/cong-ty-co-phan-dau-tu-va-phat-trien-cong-nghe-truyen-thong-nam-viet/73797.html
CÔNG TY CỔ PHẦN VIỆN MẮT QUỐC TẾ VIỆT - NGA,1,https://www.topcv.vn/viec-lam/chuyen-vien-quan-tri-van-hanh-phan-mem-ung-dung/1088405.html?ta_source=ITJobs_LinkDetail,https://www.topcv.vn/cong-ty/cong-ty-co-phan-vien-mat-quoc-te-viet-nga/82956.html
CÔNG TY CỔ PHẦN XÂY DỰNG VÀ CÔNG NGHIỆP NSN,1,https://www.topcv.vn/viec-lam/ky-su-cao-cap-ket-cau/1882800.html?ta_source=ITJobs_LinkDetail,https://www.topcv.vn/cong-ty/cong-ty-co-phan-xay-dung-va-cong-nghiep-nsn/231325.html
CÔNG TY CỔ PHẦN YOOTEK HOLDINGS,1,https://www.topcv.vn/viec-lam/thuc-tap-sinh-design-3d-mang-game/1892263.html?ta_source=ITJobs_LinkDetail,https://www.topcv.vn/cong-ty/cong-ty-co-phan-yootek-holdings/184751.html
CÔNG TY CỔ PHẦN ĐIỆN TỬ SOJI,1,https://www.topcv.vn/viec-lam/embedded-software-engineer-thu-nhap-thoa-thuan-tai-ha-noi/1823934.html?ta_source=ITJobs_LinkDetail,https://www.topcv.vn/cong-ty/cong-ty-co-phan-dien-tu-soji/133036.html
CÔNG TY CỔ PHẦN TẬP ĐOÀN MIK GROUP VIỆT NAM,1,https://www.topcv.vn/viec-lam/chuyen-vien-quan-tri-he-thong-tu-5-nam-kinh-nghiem/1878312.html?ta_source=ITJobs_LinkDetail,https://www.topcv.vn/cong-ty/cong-ty-co-phan-tap-doan-mik-group-viet-nam/199034.html
CÔNG TY CỔ PHẦN TẬP ĐOÀN MUTOSI,1,https://www.topcv.vn/viec-lam/chuyen-vien-it-it-support-help-desk/1580697.html?ta_source=ITJobs_LinkDetail,https://www.topcv.vn/cong-ty/cong-ty-co-phan-tap-doan-mutosi/127746.html
CÔNG TY CỔ PHẦN TẬP ĐOÀN WEE,1,https://www.topcv.vn/viec-lam/nhan-vien-2d-artist-game/1877002.html?ta_source=ITJobs_LinkDetail,https://www.topcv.vn/cong-ty/cong-ty-co-phan-tap-doan-wee/181060.html
CÔNG TY CỔ PHẦN UNISOFT GLOBAL,1,https://www.topcv.vn/viec-lam/product-owner-mobile-app/1851885.html?ta_source=ITJobs_LinkDetail,https://www.topcv.vn/cong-ty/cong-ty-co-phan-unisoft-global/233161.html
CÔNG TY TNHH NGÔI SAO DŨNG CẢM,1,https://www.topcv.vn/viec-lam/unity-developer/1801734.html?ta_source=ITJobs_LinkDetail,https://www.topcv.vn/cong-ty/cong-ty-tnhh-ngoi-sao-dung-cam/225702.html
CÔNG TY TNHH ONELINK TECHNOLOGY (VIỆT NAM),1,https://www.topcv.vn/viec-lam/truong-phong-ky-thuat/1874611.html?ta_source=ITJobs_LinkDetail,https://www.topcv.vn/cong-ty/cong-ty-tnhh-onelink-technology-viet-nam/192547.html
CÔNG TY TNHH PHÁT TRIỂN HỆ THỐNG DỊCH VỤ CÔNG NGHỆ THÔNG TIN,1,https://www.topcv.vn/viec-lam/truong-nhom-phan-tich-nghiep-vu/1838138.html?ta_source=ITJobs_LinkDetail,https://www.topcv.vn/cong-ty/cong-ty-tnhh-phat-trien-he-thong-dich-vu-cong-nghe-thong-tin/35411.html
CÔNG TY TNHH HANOI BIM CENTER,1,https://www.topcv.vn/viec-lam/nhan-vien-ky-su-modeler-bim-3d-kien-truc-va-ket-cau-archicad-revit-di-lam-ngay-luong-upto-1000usd/1889195.html?ta_source=ITJobs_LinkDetail,https://www.topcv.vn/cong-ty/cong-ty-tnhh-hanoi-bim-center/108308.html
CÔNG TY TNHH KHÓA HUY HOÀNG,1,https://www.topcv.vn/viec-lam/nhan-vien-quan-tri-he-thong-an-ninh-mang-nam/1702346.html?ta_source=ITJobs_LinkDetail,https://www.topcv.vn/cong-ty/cong-ty-tnhh-khoa-huy-hoang/132477.html
CÔNG TY TNHH LIVESPO PHARMA,1,https://www.topcv.vn/viec-lam/nhan-vien-qa-nha-may/1290249.html?ta_source=ITJobs_LinkDetail,https://www.topcv.vn/cong-ty/cong-ty-tnhh-livespo-pharma/74505.html
CÔNG TY TNHH CÔNG NGHỆ RIKAI,1,https://www.topcv.vn/viec-lam/it-comtor-n2/1875505.html?ta_source=ITJobs_LinkDetail,https://www.topcv.vn/cong-ty/cong-ty-tnhh-cong-nghe-rikai/32673.html
CÔNG TY TNHH CÔNG NGHỆ SIMPLE,1,https://www.topcv.vn/viec-lam/nhan-vien-trien-khai-phan-mem-y-te-cham-soc-khach-hang-khong-yeu-cau-kinh-nghiem/1857671.html?ta_source=ITJobs_LinkDetail,https://www.topcv.vn/cong-ty/cong-ty-tnhh-cong-nghe-simple/229862.html
CÔNG TY TNHH EAERA VIỆT NAM,1,https://www.topcv.vn/viec-lam/front-end-developer-vue-js/1839478.html?ta_source=ITJobs_LinkDetail,https://www.topcv.vn/cong-ty/cong-ty-tnhh-eaera-viet-nam/194871.html
CÔNG TY TNHH GIẢI PHÁP CÔNG NGHỆ APOLLO,1,https://www.topcv.vn/viec-lam/ai-engineer/1867122.html?ta_source=ITJobs_LinkDetail,https://www.topcv.vn/cong-ty/cong-ty-tnhh-giai-phap-cong-nghe-apollo/60466.html
CÔNG TY TNHH GIẢI PHÁP CÔNG NGHỆ TRIPLAYZ,1,https://www.topcv.vn/viec-lam/phat-trien-san-pham-product-owner-project-manager/1738015.html?ta_source=ITJobs_LinkDetail,https://www.topcv.vn/cong-ty/cong-ty-tnhh-giai-phap-cong-nghe-triplayz/184508.html
CÔNG TY TNHH CÔNG NGHỆ 44+,1,https://www.topcv.vn/viec-lam/ky-su-mang-network-engineer/1830288.html?ta_source=ITJobs_LinkDetail,https://www.topcv.vn/cong-ty/cong-ty-tnhh-cong-nghe-44/188732.html
CÔNG TY TNHH CÔNG NGHỆ FOOBLA,1,https://www.topcv.vn/viec-lam/solution-architect/1888459.html?ta_source=ITJobs_LinkDetail,https://www.topcv.vn/cong-ty/cong-ty-tnhh-cong-nghe-foobla/167782.html
"CÔNG TY TNHH CÔNG NGHỆ GIA ĐÌNH (FTECH CO., LTD)",1,https://www.topcv.vn/viec-lam/voice-speech-engineer/1887049.html?ta_source=ITJobs_LinkDetail,https://www.topcv.vn/cong-ty/cong-ty-tnhh-cong-nghe-gia-dinh-ftech-co-ltd/126910.html
CÔNG TY TNHH CÔNG NGHỆ HAY HAY GLOBAL,1,https://www.topcv.vn/viec-lam/2d-game-artist/1880745.html?ta_source=ITJobs_LinkDetail,https://www.topcv.vn/cong-ty/cong-ty-tnhh-cong-nghe-hay-hay-global/166627.html
CÔNG TY TNHH CÔNG NGHỆ HỒNG CƠ,1,https://www.topcv.vn/viec-lam/ky-su-giai-phap-ict-solutions-engineer/1869985.html?ta_source=ITJobs_LinkDetail,https://www.topcv.vn/cong-ty/cong-ty-tnhh-cong-nghe-hong-co/27177.html
Công TY TNHH FLINTERS Việt Nam,1,https://www.topcv.vn/viec-lam/it-comtor-tieng-nhat-n2-tro-len-nghi-t7-cn/1889547.html?ta_source=ITJobs_LinkDetail,https://www.topcv.vn/cong-ty/cong-ty-tnhh-flinters-viet-nam/129319.html
Công Ty Cổ Phần Dịch Vụ Kỹ Thuật Mobifone,1,https://www.topcv.vn/viec-lam/truong-phong-cong-nghe-so/1876778.html?ta_source=ITJobs_LinkDetail,https://www.topcv.vn/cong-ty/cong-ty-co-phan-dich-vu-ky-thuat-mobifone/37662.html
CÔNG TY TNHH VODAPLAY VIỆT NAM,1,https://www.topcv.vn/viec-lam/senior-backend-developer-python-upto-40m/1785633.html?ta_source=ITJobs_LinkDetail,https://www.topcv.vn/cong-ty/cong-ty-tnhh-vodaplay-viet-nam/107235.html
CÔNG TY TNHH ĐẦU TƯ PHÁT TRIỂN VẬT LIỆU MỚI VÀ CÔNG NGHỆ CAO H.P.T,1,https://www.topcv.vn/viec-lam/nhan-vien-it-it-helpdesk-thu-nhap-hap-dan/1869572.html?ta_source=ITJobs_LinkDetail,https://www.topcv.vn/cong-ty/cong-ty-tnhh-dau-tu-phat-trien-vat-lieu-moi-va-cong-nghe-cao-h-p-t/106085.html
CÔNG TY TNHH ĐẦU TƯ TẬP ĐOÀN MẶT TRỜI,1,https://www.topcv.vn/viec-lam/database-administrator/1886244.html?ta_source=ITJobs_LinkDetail,https://www.topcv.vn/cong-ty/cong-ty-tnhh-dau-tu-tap-doan-mat-troi/215557.html
CÔNG TY TNHH ĐẦU TƯ VÀ TƯ VẤN APEC THĂNG LONG,1,https://www.topcv.vn/viec-lam/android-developer-java-kotlin/1345146.html?ta_source=ITJobs_LinkDetail,https://www.topcv.vn/cong-ty/cong-ty-tnhh-dau-tu-va-tu-van-apec-thang-long/171469.html
CÔNG TY TRÁCH NHIỆM HỮU HẠN GIẢI PHÁP CÔNG NGHỆ CỘNG,1,https://www.topcv.vn/viec-lam/project-manager-product-owner/1625228.html?ta_source=ITJobs_LinkDetail,https://www.topcv.vn/cong-ty/cong-ty-trach-nhiem-huu-han-giai-phap-cong-nghe-cong/199906.html
CÔNG TY TNHH THẨM ĐỊNH GIÁ VNG VIỆT NAM,1,https://www.topcv.vn/viec-lam/nhan-vien-it-van-phong-manh-ve-du-lieu-thu-nhap-hap-dan-tu-12-15-trieu/1870409.html?ta_source=ITJobs_LinkDetail,https://www.topcv.vn/cong-ty/cong-ty-tnhh-tham-dinh-gia-vng-viet-nam/169412.html
CÔNG TY TNHH THỊ GIÁC META,1,https://www.topcv.vn/viec-lam/ai-engineer/1432957.html?ta_source=ITJobs_LinkDetail,https://www.topcv.vn/cong-ty/cong-ty-tnhh-thi-giac-meta/119124.html
CÔNG TY TNHH TIMIND,1,https://www.topcv.vn/viec-lam/it-project-manager/1847281.html?ta_source=ITJobs_LinkDetail,https://www.topcv.vn/cong-ty/cong-ty-tnhh-timind/130682.html
CÔNG TY TNHH TRUYỀN THÔNG SKY ADS VIỆT NAM,1,https://www.topcv.vn/viec-lam/nhan-vien-front-end-developer-chi-tuyen-nu/1890433.html?ta_source=ITJobs_LinkDetail,https://www.topcv.vn/cong-ty/cong-ty-tnhh-truyen-thong-sky-ads-viet-nam/57153.html
CÔNG TY TNHH TRUYỀN THÔNG SNET GROUP,1,https://www.topcv.vn/viec-lam/nhan-vien-lap-trinh-phat-trien-website-duoi-1-nam-kn-tai-ha-noi-di-lam-ngay/1870664.html?ta_source=ITJobs_LinkDetail,https://www.topcv.vn/cong-ty/cong-ty-tnhh-truyen-thong-snet-group/110448.html
CÔNG TY TNHH TÍCH HỢP CRM,1,https://www.topcv.vn/viec-lam/junior-fullstack-developers-fintech-ecommerce/1487371.html?ta_source=ITJobs_LinkDetail,https://www.topcv.vn/cong-ty/cong-ty-tnhh-tich-hop-crm/69927.html
CÔNG TY TNHH ULT VIỆT NAM,1,https://www.topcv.vn/viec-lam/game-client-developer/1885078.html?ta_source=ITJobs_LinkDetail,https://www.topcv.vn/cong-ty/cong-ty-tnhh-ult-viet-nam/118696.html
CÔNG TY TNHH VBA TECHNOLOGY,1,https://www.topcv.vn/viec-lam/devops-engineer/1761731.html?ta_source=ITJobs_LinkDetail,https://www.topcv.vn/cong-ty/cong-ty-tnhh-vba-technology/168040.html
CÔNG TY TNHH PHẦN MỀM TOWER HÀ NỘI,1,https://www.topcv.vn/viec-lam/chuyen-vien-phan-tich-du-lieu-data-analyst/1890783.html?ta_source=ITJobs_LinkDetail,https://www.topcv.vn/cong-ty/cong-ty-tnhh-phan-mem-tower-ha-noi/74151.html
CÔNG TY TNHH PIONTECH SOFTWARE,1,https://www.topcv.vn/viec-lam/android-developer-junior-fulltime-luong-13-15-trieu-tai-ha-noi/1862962.html?ta_source=ITJobs_LinkDetail,https://www.topcv.vn/cong-ty/cong-ty-tnhh-piontech-software/225488.html
CÔNG TY TNHH PLAN-B TECHNOLOGIES VIỆT NAM,1,https://www.topcv.vn/viec-lam/ky-su-cau-noi-tieng-nhat-tu-n2/1498734.html?ta_source=ITJobs_LinkDetail,https://www.topcv.vn/cong-ty/cong-ty-tnhh-plan-b-technologies-viet-nam/195042.html
CÔNG TY TNHH SOCOTEC VIỆT NAM,1,https://www.topcv.vn/viec-lam/bim-mep-leader-truong-nhom-bim-mep-muc-luong-upto-25m/1880926.html?ta_source=ITJobs_LinkDetail,https://www.topcv.vn/cong-ty/cong-ty-tnhh-socotec-viet-nam/114827.html
CÔNG TY TNHH SOFTFLEX LLC,1,https://www.topcv.vn/viec-lam/tech-lead-nodejs-reactjs/1879049.html?ta_source=ITJobs_LinkDetail,https://www.topcv.vn/cong-ty/cong-ty-tnhh-softflex-llc/193482.html
CÔNG TY TNHH KINH DOANH TỔNG HỢP TUẤN PHÁT,1,https://www.topcv.vn/viec-lam/thuc-tap-sinh-unity-developer/1864695.html?ta_source=ITJobs_LinkDetail,https://www.topcv.vn/cong-ty/cong-ty-tnhh-kinh-doanh-tong-hop-tuan-phat/180289.html
Alphaway Technology,1,https://www.topcv.vn/viec-lam/java-developer/1830587.html?ta_source=ITJobs_LinkDetail,https://www.topcv.vn/cong-ty/alphaway-technology/19580.html
Công ty Cổ phần 9Pay,1,https://www.topcv.vn/viec-lam/qa-tester-domain-banking-fintech-payment/1677858.html?ta_source=ITJobs_LinkDetail,https://www.topcv.vn/cong-ty/cong-ty-co-phan-9pay/39596.html
Công ty Cổ phần AVPlus,1,https://www.topcv.vn/viec-lam/ky-thuat-lap-trinh-programmer-engineer-pe-thu-nhap-tu-10-den-15-trieu-phu-cap-thuong-du-an-doanh-thutai-ha-noi/1874451.html?ta_source=ITJobs_LinkDetail,https://www.topcv.vn/cong-ty/cong-ty-co-phan-avplus/103107.html
Apero Technologies Group,1,https://www.topcv.vn/viec-lam/backend-developer-thu-nhap-upto-40m/1872816.html?ta_source=ITJobs_LinkDetail,https://www.topcv.vn/cong-ty/apero-technologies-group/225458.html
Công ty Cổ phần Công Nghệ Var Meta,1,https://www.topcv.vn/viec-lam/devops-engineer-contractor/1800271.html?ta_source=ITJobs_LinkDetail,https://www.topcv.vn/cong-ty/cong-ty-co-phan-cong-nghe-var-meta/124490.html
Công ty Cổ phần Công nghệ DTT,1,https://www.topcv.vn/viec-lam/truong-nhom-phat-trien-san-pham-cntt/1868515.html?ta_source=ITJobs_LinkDetail,https://www.topcv.vn/cong-ty/cong-ty-co-phan-cong-nghe-dtt/21196.html
Công ty Cổ phần Công nghệ NexGen VN,1,https://www.topcv.vn/viec-lam/junior-security-engineer/1854853.html?ta_source=ITJobs_LinkDetail,https://www.topcv.vn/cong-ty/cong-ty-co-phan-cong-nghe-nexgen-vn/226116.html
Công ty CP Công nghệ phần mềm và nội dung số OSP,1,https://www.topcv.vn/viec-lam/business-analyst-manager/1877504.html?ta_source=ITJobs_LinkDetail,https://www.topcv.vn/cong-ty/cong-ty-cp-cong-nghe-phan-mem-va-noi-dung-so-osp/24447.html
NashTech,1,https://www.topcv.vn/viec-lam/chuong-trinh-dao-tao-it-fresher-the-rookie2engineer-net-data-testing-offer-up-to-17m/1878424.html?ta_source=ITJobs_LinkDetail,https://www.topcv.vn/cong-ty/nashtech/7268.html
Công ty Cổ Phần Công Nghệ ITG,1,https://www.topcv.vn/viec-lam/quan-tri-du-an-phan-mem-project-manager/1884672.html?ta_source=ITJobs_LinkDetail,https://www.topcv.vn/cong-ty/cong-ty-co-phan-cong-nghe-itg/55281.html
Công ty Cổ Phần Giải Pháp Quản Lý SSG,1,https://www.topcv.vn/viec-lam/chuyen-vien-phan-tich-du-lieu-senior-business-analyst-mang-tai-chinh-ngan-hang-4-nam-kinh-nghiem-thu-nhap-len-den-50m/1874434.html?ta_source=ITJobs_LinkDetail,https://www.topcv.vn/cong-ty/cong-ty-co-phan-giai-phap-quan-ly-ssg/14256.html
Công Ty TNHH Thương Mại & Xuất Nhập Khẩu Nhất Lâm,1,https://www.topcv.vn/viec-lam/nhan-vien-van-hanh-he-thong/1874771.html?ta_source=ITJobs_LinkDetail,https://www.topcv.vn/cong-ty/cong-ty-tnhh-thuong-mai-xuat-nhap-khau-nhat-lam/104122.html
Công Ty TNHH Townsoft Vina,1,https://www.topcv.vn/viec-lam/frontend-developer/1869574.html?ta_source=ITJobs_LinkDetail,https://www.topcv.vn/cong-ty/cong-ty-tnhh-townsoft-vina/111929.html
Công Ty TNHH Velasboost,1,https://www.topcv.vn/viec-lam/nhan-vien-designer/1661552.html?ta_source=ITJobs_LinkDetail,https://www.topcv.vn/cong-ty/cong-ty-tnhh-velasboost/157125.html
Công Ty Truyền Thông Và Công Nghệ ICOMM Việt Nam,1,https://www.topcv.vn/viec-lam/system-admin-quan-tri-he-thong/1338291.html?ta_source=ITJobs_LinkDetail,https://www.topcv.vn/cong-ty/cong-ty-truyen-thong-va-cong-nghe-icomm-viet-nam/35616.html
Công Ty Tài Chính Tổng hợp Cổ Phần Tín Việt,1,https://www.topcv.vn/viec-lam/quan-ly-du-an/1879273.html?ta_source=ITJobs_LinkDetail,https://www.topcv.vn/cong-ty/cong-ty-tai-chinh-tong-hop-co-phan-tin-viet/198871.html
Công ty CP Chứng khoán SSI,1,https://www.topcv.vn/viec-lam/automation-testing-engineer/1871875.html?ta_source=ITJobs_LinkDetail,https://www.topcv.vn/cong-ty/cong-ty-cp-chung-khoan-ssi/198822.html
Công ty CP Công nghệ ATO,1,https://www.topcv.vn/viec-lam/nhan-vien-ky-thuat-thiet-bi-phan-cung-luong-8-15-trieu-thoa-thuan-theo-nang-luc-tai-ha-noi/1871850.html?ta_source=ITJobs_LinkDetail,https://www.topcv.vn/cong-ty/cong-ty-cp-cong-nghe-ato/4008.html
Nitori Furniture Vietnam EPE,1,https://www.topcv.vn/viec-lam/ky-su-van-hanh-he-thong-san-xuat/1862100.html?ta_source=ITJobs_LinkDetail,https://www.topcv.vn/cong-ty/nitori-furniture-vietnam-epe/200954.html
Công Ty Cổ Phần VCCorp - SohaGame,1,https://www.topcv.vn/viec-lam/chuyen-vien-an-toan-thong-tin/1874925.html?ta_source=ITJobs_LinkDetail,https://www.topcv.vn/cong-ty/cong-ty-co-phan-vccorp-sohagame/153.html
Công Ty Cổ Phần Đầu Tư Công Nghệ Hacom,1,https://www.topcv.vn/viec-lam/nhan-vien-ky-thuat-sua-chua-phan-cung/708840.html?ta_source=ITJobs_LinkDetail,https://www.topcv.vn/cong-ty/cong-ty-co-phan-dau-tu-cong-nghe-hacom/75471.html
Công Ty Cổ Phần Đầu Tư Và Phát Triển Công Nghệ Proxglobal,1,https://www.topcv.vn/viec-lam/quan-tri-du-an-mobile-app/1449193.html?ta_source=ITJobs_LinkDetail,https://www.topcv.vn/cong-ty/cong-ty-co-phan-dau-tu-va-phat-trien-cong-nghe-proxglobal/87270.html
CÔNG TY CỔ PHẦN CÔNG NGHỆ SỐ BLUE TECH,1,https://www.topcv.vn/viec-lam/ky-su-nghien-cuu-giai-phap-iot/1876656.html?ta_source=ITJobs_LinkDetail,https://www.topcv.vn/cong-ty/cong-ty-co-phan-cong-nghe-so-blue-tech/229425.html
Công Ty TNHH Tester Việt,1,https://www.topcv.vn/viec-lam/nhan-vien-manual-tester-thu-nhap-upto-20-trieu-1-nam-kinh-nghiem/1827304.html?ta_source=ITJobs_LinkDetail,https://www.topcv.vn/cong-ty/cong-ty-tnhh-tester-viet/22891.html
Công ty Cổ phần Tập đoàn ASG,1,https://www.topcv.vn/viec-lam/nhan-vien-giam-sat-cctv-noi-bai/1885315.html?ta_source=ITJobs_LinkDetail,https://www.topcv.vn/cong-ty/cong-ty-co-phan-tap-doan-asg/200910.html
Công ty Cổ phần Tập đoàn Austdoor,1,https://www.topcv.vn/viec-lam/ai-engineer/1867427.html?ta_source=ITJobs_LinkDetail,https://www.topcv.vn/cong-ty/cong-ty-co-phan-tap-doan-austdoor/200867.html
Công ty Cổ phần Tập đoàn Công nghiệp Quang Trung,1,https://www.topcv.vn/viec-lam/ky-su-bim/1835122.html?ta_source=ITJobs_LinkDetail,https://www.topcv.vn/cong-ty/cong-ty-co-phan-tap-doan-cong-nghiep-quang-trung/225936.html
Công ty TNHH Vietsol,1,https://www.topcv.vn/viec-lam/automotive-component-test-engineer-tuyen-nam-tren-2-nam-kinh-nghiem-test-automotive-mhu-manual-test-aspice-autosar-lam-viec-tai-long-bien-ha-noi/1697549.html?ta_source=ITJobs_LinkDetail,https://www.topcv.vn/cong-ty/cong-ty-tnhh-vietsol/161316.html
"VĂN PHÒNG KOTRA, ĐẠI SỨ QUÁN HÀN QUỐC",1,https://www.topcv.vn/viec-lam/android-automotive-developer-middle-to-senior/1888745.html?ta_source=ITJobs_LinkDetail,https://www.topcv.vn/cong-ty/van-phong-kotra-dai-su-quan-han-quoc/162417.html
Công ty Cổ phần Tập đoàn OSB,1,https://www.topcv.vn/viec-lam/ky-su-phan-mem-ung-dung-desktop/1878271.html?ta_source=ITJobs_LinkDetail,https://www.topcv.vn/cong-ty/cong-ty-co-phan-tap-doan-osb/6514.html
Công ty Cổ phần Lotus Media,1,https://www.topcv.vn/viec-lam/nhan-vien-artist-fulltime/1416027.html?ta_source=ITJobs_LinkDetail,https://www.topcv.vn/cong-ty/cong-ty-co-phan-lotus-media/80973.html
Công ty Cổ phần MPS Việt Nam,1,https://www.topcv.vn/viec-lam/ky-su-he-thong-system-engineer/1857684.html?ta_source=ITJobs_LinkDetail,https://www.topcv.vn/cong-ty/cong-ty-co-phan-mps-viet-nam/7941.html
Công ty Cổ phần SEONGON Thịnh Vượng,1,https://www.topcv.vn/viec-lam/ai-automation-specialist-ai-engineer/1885169.html?ta_source=ITJobs_LinkDetail,https://www.topcv.vn/cong-ty/cong-ty-co-phan-seongon-thinh-vuong/9479.html
Công ty Cổ phần SIMBATECH,1,https://www.topcv.vn/viec-lam/chuyen-vien-kiem-thu-phan-mem-tester/1713391.html?ta_source=ITJobs_LinkDetail,https://www.topcv.vn/cong-ty/cong-ty-co-phan-simbatech/32829.html
Công ty Cổ phần The First One,1,https://www.topcv.vn/viec-lam/lap-trinh-vien-backend/1835567.html?ta_source=ITJobs_LinkDetail,https://www.topcv.vn/cong-ty/cong-ty-co-phan-the-first-one/75597.html
Công ty Cổ phần Thú y xanh Việt Nam,1,https://www.topcv.vn/viec-lam/nhan-vien-it-luong-den-18-trieu/1883811.html?ta_source=ITJobs_LinkDetail,https://www.topcv.vn/cong-ty/cong-ty-co-phan-thu-y-xanh-viet-nam/27441.html
Công ty Cổ phần Truyền thông VMG,1,https://www.topcv.vn/viec-lam/lap-trinh-vien-java-middle-level/1854439.html?ta_source=ITJobs_LinkDetail,https://www.topcv.vn/cong-ty/cong-ty-co-phan-truyen-thong-vmg/378.html
Công ty Cổ phần Giải pháp 8 Giờ,1,https://www.topcv.vn/viec-lam/junior-business-analyst-phan-tich-nghiep-vu/1882788.html?ta_source=ITJobs_LinkDetail,https://www.topcv.vn/cong-ty/cong-ty-co-phan-giai-phap-8-gio/118106.html
VĂN PHÒNG ĐẠI DIỆN - CÔNG TY TNHH CÔNG NGHỆ DCSS (VIỆT NAM),1,https://www.topcv.vn/viec-lam/senior-system-engineer/1860618.html?ta_source=ITJobs_LinkDetail,https://www.topcv.vn/cong-ty/van-phong-dai-dien-cong-ty-tnhh-cong-nghe-dcss-viet-nam/230922.html
Công ty Cổ phần Giải pháp NETKO,1,https://www.topcv.vn/viec-lam/middle-flutter-developer/1883547.html?ta_source=ITJobs_LinkDetail,https://www.topcv.vn/cong-ty/cong-ty-co-phan-giai-phap-netko/153818.html
CÔNG TY TNHH SYSTEMEXE VIỆT NAM,1,https://www.topcv.vn/viec-lam/brse-pm-japanese-all-level/1875243.html?ta_source=ITJobs_LinkDetail,https://www.topcv.vn/cong-ty/cong-ty-tnhh-systemexe-viet-nam/90637.html
Công ty Cổ phần INFINITY TECHNOLOGY GLOBAL,1,https://www.topcv.vn/viec-lam/product-owner-mobile-apps/1796110.html?ta_source=ITJobs_LinkDetail,https://www.topcv.vn/cong-ty/cong-ty-co-phan-infinity-technology-global/148046.html
Công ty Cổ phần Infinity Technologies Global,1,https://www.topcv.vn/viec-lam/product-owner-mobile-app-tu-1-nam-kinh-nghiem/1879225.html?ta_source=ITJobs_LinkDetail,https://www.topcv.vn/cong-ty/cong-ty-co-phan-infinity-technologies-global/138552.html
Công ty Cổ phần Công nghệ Pavana,1,https://www.topcv.vn/viec-lam/embedded-linux-engineer-ky-su-lap-trinh-nhung/1479744.html?ta_source=ITJobs_LinkDetail,https://www.topcv.vn/cong-ty/cong-ty-co-phan-cong-nghe-pavana/73611.html
Công ty Cổ phần Công nghệ Prep,1,https://www.topcv.vn/viec-lam/product-owner/1891644.html?ta_source=ITJobs_LinkDetail,https://www.topcv.vn/cong-ty/cong-ty-co-phan-cong-nghe-prep/96845.html
Wavez Technologies,1,https://www.topcv.vn/viec-lam/flutter-developer/1771950.html?ta_source=ITJobs_LinkDetail,https://www.topcv.vn/cong-ty/wavez-technologies/87405.html
Công ty Cổ phần Công nghệ và Tư vấn CIC,1,https://www.topcv.vn/viec-lam/chuyen-vien-bim-bim-engineer/1864726.html?ta_source=ITJobs_LinkDetail,https://www.topcv.vn/cong-ty/cong-ty-co-phan-cong-nghe-va-tu-van-cic/26410.html
Cty TNHH Tư vấn GaneshAID,1,https://www.topcv.vn/viec-lam/business-analyst-3-nam-kinh-nghiem-nghi-t7-cn-tai-ba-dinh-hn-phuc-loi-tot-thu-nhap-canh-tranh/1867665.html?ta_source=ITJobs_LinkDetail,https://www.topcv.vn/cong-ty/cty-tnhh-tu-van-ganeshaid/75874.html
Công ty Cổ phần Gapu,1,https://www.topcv.vn/viec-lam/game-designer-senior/1731697.html?ta_source=ITJobs_LinkDetail,https://www.topcv.vn/cong-ty/cong-ty-co-phan-gapu/153363.html
Công ty TNHH Lisod Việt Nam,1,https://www.topcv.vn/viec-lam/junior-fullstack-developer-php-laravel/1656508.html?ta_source=ITJobs_LinkDetail,https://www.topcv.vn/cong-ty/cong-ty-tnhh-lisod-viet-nam/42591.html
Công ty TNHH MTV Ứng Dụng Kỹ Thuật và Sản xuất,1,https://www.topcv.vn/viec-lam/ky-su-ha-tang-phan-cung/1857686.html?ta_source=ITJobs_LinkDetail,https://www.topcv.vn/cong-ty/cong-ty-tnhh-mtv-ung-dung-ky-thuat-va-san-xuat/63197.html
Công ty TNHH Nippon Steel Metal Products Vietnam,1,https://www.topcv.vn/viec-lam/fullstack-developer-yeu-cau-3-nam-kinh-nghiem/1380255.html?ta_source=ITJobs_LinkDetail,https://www.topcv.vn/cong-ty/cong-ty-tnhh-nippon-steel-metal-products-vietnam/31228.html
Công ty TNHH Pancake Việt Nam,1,https://www.topcv.vn/viec-lam/account-manager/1876086.html?ta_source=ITJobs_LinkDetail,https://www.topcv.vn/cong-ty/cong-ty-tnhh-pancake-viet-nam/45892.html
Công ty TNHH Phân Phối Synnex FPT,1,https://www.topcv.vn/viec-lam/nhan-vien-ky-thuat-bao-hanh/1890402.html?ta_source=ITJobs_LinkDetail,https://www.topcv.vn/cong-ty/cong-ty-tnhh-phan-phoi-synnex-fpt/200860.html
Công ty TNHH Phần mềm DTS Việt Nam,1,https://www.topcv.vn/viec-lam/thuc-tap-sinh-lap-trinh-c/773271.html?ta_source=ITJobs_LinkDetail,https://www.topcv.vn/cong-ty/cong-ty-tnhh-phan-mem-dts-viet-nam/22907.html
CÔNG TY CỔ PHẦN CHỨNG KHOÁN DẦU KHÍ (PSI),1,https://www.topcv.vn/viec-lam/chuyen-vien-cao-cap-an-toan-thong-tin/1841975.html?ta_source=ITJobs_LinkDetail,https://www.topcv.vn/cong-ty/cong-ty-co-phan-chung-khoan-dau-khi-psi/223526.html
CÔNG TY CỔ PHẦN CYPHER AI LABS,1,https://www.topcv.vn/viec-lam/data-scientist-cho-product-fintech/1876722.html?ta_source=ITJobs_LinkDetail,https://www.topcv.vn/cong-ty/cong-ty-co-phan-cypher-ai-labs/236192.html
Công ty TNHH D.Ragoon,1,https://www.topcv.vn/viec-lam/visual-effect-editor/1800182.html?ta_source=ITJobs_LinkDetail,https://www.topcv.vn/cong-ty/cong-ty-tnhh-d-ragoon/92639.html
CÔNG TY CỔ PHẦN CÔNG NGHỆ AIT,1,https://www.topcv.vn/viec-lam/tech-leader-backend-java/1832249.html?ta_source=ITJobs_LinkDetail,https://www.topcv.vn/cong-ty/cong-ty-co-phan-cong-nghe-ait/192674.html
CÔNG TY CỔ PHẦN CÔNG NGHỆ ALADIN,1,https://www.topcv.vn/viec-lam/chuyen-vien-phat-trien-ung-dung-mobile-developer-tu-2-nam-kinh-nghiem/1880976.html?ta_source=ITJobs_LinkDetail,https://www.topcv.vn/cong-ty/cong-ty-co-phan-cong-nghe-aladin/19530.html
Công ty TNHH LP Technology,1,https://www.topcv.vn/viec-lam/devops-engineer/1818981.html?ta_source=ITJobs_LinkDetail,https://www.topcv.vn/cong-ty/cong-ty-tnhh-lp-technology/85903.html
AASC AUDITING FIRM COMPANY LIMITED,1,https://www.topcv.vn/viec-lam/fullstack-developer-fulltime/1426963.html?ta_source=ITJobs_LinkDetail,https://www.topcv.vn/cong-ty/aasc-auditing-firm-company-limited/130971.html
CÔNG TY CỔ PHẦN CÔNG NGHỆ AMELA VIỆT NAM,1,https://www.topcv.vn/viec-lam/it-comtor/1851294.html?ta_source=ITJobs_LinkDetail,https://www.topcv.vn/cong-ty/cong-ty-co-phan-cong-nghe-amela-viet-nam/17305.html
Zitga studios,1,https://www.topcv.vn/viec-lam/playable-ads/1831673.html?ta_source=ITJobs_LinkDetail,https://www.topcv.vn/cong-ty/zitga-studios/7599.html
Công ty Cổ phần Đầu tư và Công nghệ HTI,1,https://www.topcv.vn/viec-lam/c-developer-tu-2-nam-kinh-nghiem/1863078.html?ta_source=ITJobs_LinkDetail,https://www.topcv.vn/cong-ty/cong-ty-co-phan-dau-tu-va-cong-nghe-hti/201110.html
Công ty Cổ phần Đầu tư và Phát triển Koolsoft,1,https://www.topcv.vn/viec-lam/reactjs-nodejs-full-stack-developer/1881890.html?ta_source=ITJobs_LinkDetail,https://www.topcv.vn/cong-ty/cong-ty-co-phan-dau-tu-va-phat-trien-koolsoft/36378.html
CÔNG TY CP THƯƠNG MẠI XUẤT NHẬP KHẨU PHƯƠNG KHANG,1,https://www.topcv.vn/viec-lam/lap-trinh-mobile-developer-code-app/1821424.html?ta_source=ITJobs_LinkDetail,https://www.topcv.vn/cong-ty/cong-ty-cp-thuong-mai-xuat-nhap-khau-phuong-khang/170065.html
CÔNG TY CỔ PHẦN ADNX,1,https://www.topcv.vn/viec-lam/van-hanh-du-an-game/1815973.html?ta_source=ITJobs_LinkDetail,https://www.topcv.vn/cong-ty/cong-ty-co-phan-adnx/121582.html
Công ty Cổ phẩn Thương mại Dược Vương,1,https://www.topcv.vn/viec-lam/lap-trinh-odoo-python/1768155.html?ta_source=ITJobs_LinkDetail,https://www.topcv.vn/cong-ty/cong-ty-co-phan-thuong-mai-duoc-vuong/39065.html
Công ty Cổ phần Tập đoàn Song Nam,1,https://www.topcv.vn/viec-lam/chuyen-vien-phan-tich-nghiep-vu-business-analyst-ba-thu-nhap-upto-25m/1884964.html?ta_source=ITJobs_LinkDetail,https://www.topcv.vn/cong-ty/cong-ty-co-phan-tap-doan-song-nam/145985.html
CÔNG TY CỔ PHẦN  DỊCH VỤ CÔNG NGHỆ BEAM,1,https://www.topcv.vn/viec-lam/ky-su-dam-bao-chat-luong-phan-mem-qa-engineer/1891022.html?ta_source=ITJobs_LinkDetail,https://www.topcv.vn/cong-ty/cong-ty-co-phan-dich-vu-cong-nghe-beam/237375.html
Công ty Cổ phần Tập đoàn Đầu tư KLB,1,https://www.topcv.vn/viec-lam/giam-doc-cong-nghe-thong-tin/1750678.html?ta_source=ITJobs_LinkDetail,https://www.topcv.vn/cong-ty/cong-ty-co-phan-tap-doan-dau-tu-klb/86555.html
CÔNG TY CỔ PHẦN AUTHENTIC EDUCATION HUB,1,https://www.topcv.vn/viec-lam/senior-business-analyst-ecommerce-erp/1764075.html?ta_source=ITJobs_LinkDetail,https://www.topcv.vn/cong-ty/cong-ty-co-phan-authentic-education-hub/203994.html
Công ty Cổ phần VNEXT SOFTWARE,1,https://www.topcv.vn/viec-lam/senior-net-developer/1890277.html?ta_source=ITJobs_LinkDetail,https://www.topcv.vn/cong-ty/cong-ty-co-phan-vnext-software/1469.html
Công ty Cổ phần Vatech Việt,1,https://www.topcv.vn/viec-lam/chuyen-vien-quan-ly-phan-mem-software-product-management-thu-nhap-upto-20-trieu/1881159.html?ta_source=ITJobs_LinkDetail,https://www.topcv.vn/cong-ty/cong-ty-co-phan-vatech-viet/143386.html
Công ty Cổ phần công  nghệ thực phẩm Châu Á,1,https://www.topcv.vn/viec-lam/chuyen-vien-erp/1886382.html?ta_source=ITJobs_LinkDetail,https://www.topcv.vn/cong-ty/cong-ty-co-phan-cong-nghe-thuc-pham-chau-a/66886.html
CÔNG TY CỔ PHẦN BLACKGEMS GLOBAL,1,https://www.topcv.vn/viec-lam/3d-game-artist/1840940.html?ta_source=ITJobs_LinkDetail,https://www.topcv.vn/cong-ty/cong-ty-co-phan-blackgems-global/168949.html
Công ty cổ phần Gió media,1,https://www.topcv.vn/viec-lam/nhan-vien-designer/1515733.html?ta_source=ITJobs_LinkDetail,https://www.topcv.vn/cong-ty/cong-ty-co-phan-gio-media/149440.html
Công ty cổ phần HIGAME,1,https://www.topcv.vn/viec-lam/kiem-thu-game/1838607.html?ta_source=ITJobs_LinkDetail,https://www.topcv.vn/cong-ty/cong-ty-co-phan-higame/100464.html
Công ty cổ phần Hạ tầng Viễn thông CMC Telecom,1,https://www.topcv.vn/viec-lam/security-monitoring/1822032.html?ta_source=ITJobs_LinkDetail,https://www.topcv.vn/cong-ty/cong-ty-co-phan-ha-tang-vien-thong-cmc-telecom/200874.html
Braly JSC,1,https://www.topcv.vn/viec-lam/junior-flutter-developer-mobile-app-upto-20m/1774281.html?ta_source=ITJobs_LinkDetail,https://www.topcv.vn/cong-ty/braly-jsc/112236.html
Công ty cổ phần Sphinx,1,https://www.topcv.vn/viec-lam/junior-middle-java-developer/1870595.html?ta_source=ITJobs_LinkDetail,https://www.topcv.vn/cong-ty/cong-ty-co-phan-sphinx/67817.html
Bệnh Viện Đa Khoa Quốc Tế Thu Cúc – Chi Nhánh Công Ty Cổ Phần Y Khoa & Thẩm Mỹ Thu Cúc,1,https://www.topcv.vn/viec-lam/mobile-apps-developer-flutter/1881320.html?ta_source=ITJobs_LinkDetail,https://www.topcv.vn/cong-ty/benh-vien-da-khoa-quoc-te-thu-cuc-chi-nhanh-cong-ty-co-phan-y-khoa-tham-my-thu-cuc/27985.html
Công ty cổ phần công nghệ Skymare,1,https://www.topcv.vn/viec-lam/unity-developer-casual-puzzle-junior-middle-1-nam-kinh-nghiem-nghi-thu-7-chu-nhat-tai-ha-noi/1877669.html?ta_source=ITJobs_LinkDetail,https://www.topcv.vn/cong-ty/cong-ty-co-phan-cong-nghe-skymare/188175.html
Chi nhánh CTCP Giáo dục ISMART tại Hà Nội,1,https://www.topcv.vn/viec-lam/ky-thuat-vien-may-tinh/1850428.html?ta_source=ITJobs_LinkDetail,https://www.topcv.vn/cong-ty/chi-nhanh-ctcp-giao-duc-ismart-tai-ha-noi/149026.html
Công ty cổ phần dịch vụ Viễn Thông Sô,1,https://www.topcv.vn/viec-lam/tro-ly-du-an/1443142.html?ta_source=ITJobs_LinkDetail,https://www.topcv.vn/cong-ty/cong-ty-co-phan-dich-vu-vien-thong-so/4376.html
Công ty cổ phần dịch vụ và giải pháp công nghệ giáo dục PHX,1,https://www.topcv.vn/viec-lam/nhan-vien-van-hanh-operation-staff/1878127.html?ta_source=ITJobs_LinkDetail,https://www.topcv.vn/cong-ty/cong-ty-co-phan-dich-vu-va-giai-phap-cong-nghe-giao-duc-phx/107963.html
CÔNG TY CỔ PHẦN GIẢI PHÁP CÔNG NGHỆ CODEE,1,https://www.topcv.vn/viec-lam/manual-tester-tu-02-nam-kinh-nghiem/1776648.html?ta_source=ITJobs_LinkDetail,https://www.topcv.vn/cong-ty/cong-ty-co-phan-giai-phap-cong-nghe-codee/210992.html
CÔNG TY CỔ PHẦN GIẢI PHÁP CÔNG NGHỆ HTSC,1,https://www.topcv.vn/viec-lam/c-developer-net-wpf-winforms/1863096.html?ta_source=ITJobs_LinkDetail,https://www.topcv.vn/cong-ty/cong-ty-co-phan-giai-phap-cong-nghe-htsc/162580.html
Cty Cổ phần Blueco toàn cầu,1,https://www.topcv.vn/viec-lam/thuc-tap-sinh-phan-tich-full-time/1640766.html?ta_source=ITJobs_LinkDetail,https://www.topcv.vn/cong-ty/cty-co-phan-blueco-toan-cau/39655.html
CÔNG TY CỔ PHẦN GLOBAL TECHNOLOGY SOLUTIONS VIỆT NAM,1,https://www.topcv.vn/viec-lam/project-manager/1506763.html?ta_source=ITJobs_LinkDetail,https://www.topcv.vn/cong-ty/cong-ty-co-phan-global-technology-solutions-viet-nam/199668.html
Tập đoàn FPT,1,https://www.topcv.vn/viec-lam/data-engineer/1876251.html?ta_source=ITJobs_LinkDetail,https://www.topcv.vn/cong-ty/tap-doan-fpt/198529.html
CÔNG TY CỔ PHẦN DEHA VIỆT NAM,1,https://www.topcv.vn/viec-lam/brse-po-tieng-nhat-tech/1780647.html?ta_source=ITJobs_LinkDetail,https://www.topcv.vn/cong-ty/cong-ty-co-phan-deha-viet-nam/157625.html
SCI Group,1,https://www.topcv.vn/viec-lam/chuyen-vien-data-engineer/1859722.html?ta_source=ITJobs_LinkDetail,https://www.topcv.vn/cong-ty/sci-group/28688.html
SHBFinance,1,https://www.topcv.vn/viec-lam/chuyen-vien-van-hanh-cong-nghe-noc/1891106.html?ta_source=ITJobs_LinkDetail,https://www.topcv.vn/cong-ty/shbfinance/238788.html
CÔNG TY CỔ PHẦN FUTURE CONNECT,1,https://www.topcv.vn/viec-lam/it-project-manager-luong-hap-dan-tu-30m/1884305.html?ta_source=ITJobs_LinkDetail,https://www.topcv.vn/cong-ty/cong-ty-co-phan-future-connect/205774.html
CÔNG TY CỔ PHẦN GIẢI PHÁP AI VIỆT,1,https://www.topcv.vn/viec-lam/nhan-vien-qa-tester-luong-tu-10-15-trieu/1870882.html?ta_source=ITJobs_LinkDetail,https://www.topcv.vn/cong-ty/cong-ty-co-phan-giai-phap-ai-viet/233348.html
CÔNG TY CỔ PHẦN GIẢI PHÁP CÔNG NGHỆ CARO,1,https://www.topcv.vn/viec-lam/business-analyst/1884483.html?ta_source=ITJobs_LinkDetail,https://www.topcv.vn/cong-ty/cong-ty-co-phan-giai-phap-cong-nghe-caro/83035.html
SVTECH,1,https://www.topcv.vn/viec-lam/system-admin/955292.html?ta_source=ITJobs_LinkDetail,https://www.topcv.vn/cong-ty/svtech/2994.html
CÔNG TY CỔ PHẦN CÔNG NGHỆ VCS VIỆT NAM,1,https://www.topcv.vn/viec-lam/nhan-vien-lap-trinh-mobile/1017119.html?ta_source=ITJobs_LinkDetail,https://www.topcv.vn/cong-ty/cong-ty-co-phan-cong-nghe-vcs-viet-nam/51302.html
TRUNG TÂM DỊCH VỤ CHUYỂN ĐỔI SỐ – CHI NHÁNH TỔNG CÔNG TY CÔNG NGHỆ - VIỄN THÔNG TOÀN CẦU (GTEL CDS),1,https://www.topcv.vn/viec-lam/chuyen-vien-ky-thuat-quan-tri-he-thong/1768033.html?ta_source=ITJobs_LinkDetail,https://www.topcv.vn/cong-ty/trung-tam-dich-vu-chuyen-doi-so-chi-nhanh-tong-cong-ty-cong-nghe-vien-thong-toan-cau-gtel-cds/198768.html
TRƯỜNG TRUNG CẤP Y DƯỢC TUỆ TĨNH HÀ NỘI,1,https://www.topcv.vn/viec-lam/nhan-vien-quan-tri-website-kiem-ho-tro-ky-thuat-cong-nghe-thong-tin-it-helpdesk/1863521.html?ta_source=ITJobs_LinkDetail,https://www.topcv.vn/cong-ty/truong-trung-cap-y-duoc-tue-tinh-ha-noi/53022.html
OpenCommerce Group,1,https://www.topcv.vn/viec-lam/fullstack-developer-golang-python-vue-toi-thieu-tu-2-nam-kinh-nghiem-thu-nhap-upto-40-trieu-tai-dong-da-ha-noi/1867989.html?ta_source=ITJobs_LinkDetail,https://www.topcv.vn/cong-ty/opencommerce-group/1258.html
Công ty cổ phần tập đoàn MK,1,https://www.topcv.vn/viec-lam/ky-su-an-toan-thong-tin/1764235.html?ta_source=ITJobs_LinkDetail,https://www.topcv.vn/cong-ty/cong-ty-co-phan-tap-doan-mk/66892.html
Công ty cổ phần Đầu tư Bất động sản Hapulico,1,https://www.topcv.vn/viec-lam/nhan-vien-phan-tich-nghiep-vu-cong-nghe-thong-tin-ba-toi-thieu-tu-2-nam-kinh-nghiem-thu-nhap-upto-25-trieu-ho-tro-an-trua-tai-ha-noi/1885807.html?ta_source=ITJobs_LinkDetail,https://www.topcv.vn/cong-ty/cong-ty-co-phan-dau-tu-bat-dong-san-hapulico/40814.html
EZTech & CDT Games Studio,1,https://www.topcv.vn/viec-lam/lap-trinh-vien-android/1884178.html?ta_source=ITJobs_LinkDetail,https://www.topcv.vn/cong-ty/eztech-cdt-games-studio/155113.html
TRƯỜNG ĐẠI HỌC CÔNG NGHỆ ĐÔNG Á,1,https://www.topcv.vn/viec-lam/giang-vien-co-huu-bo-mon-cong-nghe-phan-mem/1149595.html?ta_source=ITJobs_LinkDetail,https://www.topcv.vn/cong-ty/truong-dai-hoc-cong-nghe-dong-a/49871.html
Tập Đoàn Vàng Bạc Đá Quý DOJI,1,https://www.topcv.vn/viec-lam/senior-developer-trung-tam-doi-moi-so/1889744.html?ta_source=ITJobs_LinkDetail,https://www.topcv.vn/cong-ty/tap-doan-vang-bac-da-quy-doji/198942.html
CÔNG TY CỔ PHẦN CÔNG NGHỆ EKOTEK,1,https://www.topcv.vn/viec-lam/it-comtor-thu-nhap-15-30-trieu-2-nam-kinh-nghiem-tieng-nhat-n2-tro-len-cau-giay-ha-noi/1862363.html?ta_source=ITJobs_LinkDetail,https://www.topcv.vn/cong-ty/cong-ty-co-phan-cong-nghe-ekotek/32794.html
CÔNG TY CỔ PHẦN CÔNG NGHỆ GIÁO DỤC THÀNH PHÁT,1,https://www.topcv.vn/viec-lam/fullstack-developer-nodejs-thu-nhap-tu-20-25-trieu/1875967.html?ta_source=ITJobs_LinkDetail,https://www.topcv.vn/cong-ty/cong-ty-co-phan-cong-nghe-giao-duc-thanh-phat/92409.html
Công ty cổ phần phần mềm DTH,1,https://www.topcv.vn/viec-lam/he-thong-quan-tri-mang-system-network-admin/1877507.html?ta_source=ITJobs_LinkDetail,https://www.topcv.vn/cong-ty/cong-ty-co-phan-phan-mem-dth/136163.html
CÔNG TY CỔ PHẦN CÔNG NGHỆ ONECHAIN,1,https://www.topcv.vn/viec-lam/nhan-vien-game-artist-luong-upto-18-trieu-thang-ha-noi/1872655.html?ta_source=ITJobs_LinkDetail,https://www.topcv.vn/cong-ty/cong-ty-co-phan-cong-nghe-onechain/75319.html
CÔNG TY CỔ PHẦN CÔNG NGHỆ ORECA,1,https://www.topcv.vn/viec-lam/lap-trinh-vien-android-kotlin-java-tu-1-nam-kinh-nghiem/1781388.html?ta_source=ITJobs_LinkDetail,https://www.topcv.vn/cong-ty/cong-ty-co-phan-cong-nghe-oreca/218880.html
CÔNG TY CỔ PHẦN CÔNG NGHỆ SANDBOXVN,1,https://www.topcv.vn/viec-lam/lap-trinh-vien-net-fullstack/1873178.html?ta_source=ITJobs_LinkDetail,https://www.topcv.vn/cong-ty/cong-ty-co-phan-cong-nghe-sandboxvn/95181.html
Công ty cổ phần truyền thông đa phương tiện Gia Minh,1,https://www.topcv.vn/viec-lam/frontend-shopify-app-developer-thu-nhap-upto-16-trieu-nghi-t7-cn-ha-noi/1861463.html?ta_source=ITJobs_LinkDetail,https://www.topcv.vn/cong-ty/cong-ty-co-phan-truyen-thong-da-phuong-tien-gia-minh/15171.html
Công ty cổ phần VGP,1,https://www.topcv.vn/viec-lam/kiem-thu-game-apps/1731261.html?ta_source=ITJobs_LinkDetail,https://www.topcv.vn/cong-ty/cong-ty-co-phan-vgp/15382.html
Công ty cổ phần XNK Đầu tư và Công nghệ HD Việt Nam,1,https://www.topcv.vn/viec-lam/java-backend-ha-noi-thu-nhap-canh-tranh-nhieu-dai-ngo-hap-dan/1878028.html?ta_source=ITJobs_LinkDetail,https://www.topcv.vn/cong-ty/cong-ty-co-phan-xnk-dau-tu-va-cong-nghe-hd-viet-nam/166874.html
Công ty cổ phần chứng khoán VPS,1,https://www.topcv.vn/viec-lam/solution-architect/1858447.html?ta_source=ITJobs_LinkDetail,https://www.topcv.vn/cong-ty/cong-ty-co-phan-chung-khoan-vps/199032.html
Công ty cổ phần công nghệ Isofh,1,https://www.topcv.vn/viec-lam/thuc-tap-sinh-phan-tich-va-trien-khai-nghiep-vu/1683712.html?ta_source=ITJobs_LinkDetail,https://www.topcv.vn/cong-ty/cong-ty-co-phan-cong-nghe-isofh/16466.html
TỔNG CÔNG TY CÔNG NGHỆ - VIỄN THÔNG TOÀN CẦU,1,https://www.topcv.vn/viec-lam/ky-su-mang/1220257.html?ta_source=ITJobs_LinkDetail,https://www.topcv.vn/cong-ty/tong-cong-ty-cong-nghe-vien-thong-toan-cau/162179.html
TỔNG CÔNG TY CỔ PHẦN BƯU CHÍNH VIETTEL,1,https://www.topcv.vn/viec-lam/business-analyst-level-middle-senior/1055682.html?ta_source=ITJobs_LinkDetail,https://www.topcv.vn/cong-ty/tong-cong-ty-co-phan-buu-chinh-viettel/198966.html
VNDIRECT,1,https://www.topcv.vn/viec-lam/chuyen-vien-cvcc-van-hanh-ha-tang-system-admin/1811916.html?ta_source=ITJobs_LinkDetail,https://www.topcv.vn/cong-ty/vndirect/198956.html
VNPT Technology - Công ty Cổ phần Công nghệ Công nghiệp Bưu chính viễn thông,1,https://www.topcv.vn/viec-lam/ky-su-phan-mem-nhung-senior/1884101.html?ta_source=ITJobs_LinkDetail,https://www.topcv.vn/cong-ty/vnpt-technology-cong-ty-co-phan-cong-nghe-cong-nghiep-buu-chinh-vien-thong/23782.html
Vega Corporation,1,https://www.topcv.vn/viec-lam/scrum-master/1710277.html?ta_source=ITJobs_LinkDetail,https://www.topcv.vn/cong-ty/vega-corporation/200.html
CÔNG TY CỔ PHẦN CÔNG NGHỆ SCAPBOT,1,https://www.topcv.vn/viec-lam/fresher-developer-lap-trinh-vien-thu-nhap-hap-dan-10-30-trieu/1878160.html?ta_source=ITJobs_LinkDetail,https://www.topcv.vn/cong-ty/cong-ty-co-phan-cong-nghe-scapbot/183360.html
CÔNG TY CỔ PHẦN CHUYỂN ĐỔI SỐ AIONTECH,1,https://www.topcv.vn/viec-lam/lap-trinh-vien-backend-golang-di-lam-ngay/1828276.html?ta_source=ITJobs_LinkDetail,https://www.topcv.vn/cong-ty/cong-ty-co-phan-chuyen-doi-so-aiontech/75602.html
Trung Tâm Ngoại Ngữ Binggo Leaders,1,https://www.topcv.vn/viec-lam/tro-ly-ung-dung-ai-domain-erp-edtech-senior-ba/1883817.html?ta_source=ITJobs_LinkDetail,https://www.topcv.vn/cong-ty/trung-tam-ngoai-ngu-binggo-leaders/169016.html
Trường Tiểu học Nguyễn Siêu,1,https://www.topcv.vn/viec-lam/nhan-vien-it-quan-tri-it-helpdesk-it-supprot-truong-hoc-yeu-cau-thanh-thao-tieng-anh/1867518.html?ta_source=ITJobs_LinkDetail,https://www.topcv.vn/cong-ty/truong-tieu-hoc-nguyen-sieu/191937.html
Trường Đại học CMC,1,https://www.topcv.vn/viec-lam/giang-vien-cong-nghe-thong-tin-khoa-hoc-may-tinh/1773238.html?ta_source=ITJobs_LinkDetail,https://www.topcv.vn/cong-ty/truong-dai-hoc-cmc/130845.html
CÔNG TY CỔ PHẦN CÔNG NGHỆ UPBASE,1,https://www.topcv.vn/viec-lam/fresher-business-analyst-mang-chuyen-doi-so/1537223.html?ta_source=ITJobs_LinkDetail,https://www.topcv.vn/cong-ty/cong-ty-co-phan-cong-nghe-upbase/46641.html
Tập Đoàn Novaon,1,https://www.topcv.vn/viec-lam/net-developer/1884939.html?ta_source=ITJobs_LinkDetail,https://www.topcv.vn/cong-ty/tap-doan-novaon/201092.html
NGÂN HÀNG THƯƠNG MẠI CỔ PHẦN VIỆT NAM THỊNH VƯỢNG,1,https://www.topcv.vn/viec-lam/senior-business-analyst-ta171/1886851.html?ta_source=ITJobs_LinkDetail,https://www.topcv.vn/cong-ty/ngan-hang-thuong-mai-co-phan-viet-nam-thinh-vuong/167560.html
CÔNG TY CỔ PHẦN TGI TRANS,1,https://www.topcv.vn/viec-lam/nhan-vien-ky-thuat/1856866.html?ta_source=ITJobs_LinkDetail,https://www.topcv.vn/cong-ty/cong-ty-co-phan-tgi-trans/150533.html
CÔNG TY CỔ PHẦN CÔNG NGHỆ VÀ DỊCH VỤ IMEDIA,1,https://www.topcv.vn/viec-lam/system-admin-nghi-thu-7-va-chu-nhat/1777897.html?ta_source=ITJobs_LinkDetail,https://www.topcv.vn/cong-ty/cong-ty-co-phan-cong-nghe-va-dich-vu-imedia/200958.html
CÔNG TY CỔ PHẦN CÔNG NGHỆ VÀ TRUYỀN THÔNG AWING VIỆT NAM,1,https://www.topcv.vn/viec-lam/fullstack-developer-net-react-sql-c/1835045.html?ta_source=ITJobs_LinkDetail,https://www.topcv.vn/cong-ty/cong-ty-co-phan-cong-nghe-va-truyen-thong-awing-viet-nam/103313.html
CÔNG TY CỔ PHẦN CÔNG NGHỆ VÀ TRUYỀN THÔNG NETVIET,1,https://www.topcv.vn/viec-lam/thuc-tap-sinh-reactjs-nestjs-typescript/1626801.html?ta_source=ITJobs_LinkDetail,https://www.topcv.vn/cong-ty/cong-ty-co-phan-cong-nghe-va-truyen-thong-netviet/41732.html
CÔNG TY CỔ PHẦN CÔNG NGHỆ VÀ ỨNG DỤNG SỐ VIỆT NAM,1,https://www.topcv.vn/viec-lam/truong-nhom-ky-su-phan-tich-nghiep-vu-ba/1885475.html?ta_source=ITJobs_LinkDetail,https://www.topcv.vn/cong-ty/cong-ty-co-phan-cong-nghe-va-ung-dung-so-viet-nam/161449.html
CÔNG TY CỔ PHẦN DATAVN,1,https://www.topcv.vn/viec-lam/product-manager-fintech-lending/1880526.html?ta_source=ITJobs_LinkDetail,https://www.topcv.vn/cong-ty/cong-ty-co-phan-datavn/236195.html
CÔNG TY CỔ PHẦN THƯƠNG MẠI VÀ DỊCH VỤ THÀNH BẮC,1,https://www.topcv.vn/viec-lam/nhan-vien-ky-thuat-may-tinh-camera/1835482.html?ta_source=ITJobs_LinkDetail,https://www.topcv.vn/cong-ty/cong-ty-co-phan-thuong-mai-va-dich-vu-thanh-bac/34416.html
CÔNG TY CỔ PHẦN TRUYỀN THÔNG VÀ MARKETING VCENMEDIA,1,https://www.topcv.vn/viec-lam/quan-ly-du-an-pm-project-management/1883366.html?ta_source=ITJobs_LinkDetail,https://www.topcv.vn/cong-ty/cong-ty-co-phan-truyen-thong-va-marketing-vcenmedia/100950.html
CÔNG TY CỔ PHẦN PHẦN MỀM LUVINA,1,https://www.topcv.vn/viec-lam/talent-brse-ky-su-cau-noi-tai-nang-luong-tu-15-25-trieu/1882436.html?ta_source=ITJobs_LinkDetail,https://www.topcv.vn/cong-ty/cong-ty-co-phan-phan-mem-luvina/86832.html
CÔNG TY CỔ PHẦN CÔNG NGHỆ THÔNG MINH OXII,1,https://www.topcv.vn/viec-lam/truong-bo-phan-phat-trien-phan-mem-nhung/1848615.html?ta_source=ITJobs_LinkDetail,https://www.topcv.vn/cong-ty/cong-ty-co-phan-cong-nghe-thong-minh-oxii/102016.html
CÔNG TY CỔ PHẦN CÔNG NGHỆ TRUYỀN THÔNG DTS,1,https://www.topcv.vn/viec-lam/system-engineer-cloud-openstack/1878045.html?ta_source=ITJobs_LinkDetail,https://www.topcv.vn/cong-ty/cong-ty-co-phan-cong-nghe-truyen-thong-dts/28489.html
CÔNG TY CỔ PHẦN CÔNG NGHỆ UNIT – CHI NHÁNH HÀ NỘI,1,https://www.topcv.vn/viec-lam/lap-trinh-vien-backend-java/1882061.html?ta_source=ITJobs_LinkDetail,https://www.topcv.vn/cong-ty/cong-ty-co-phan-cong-nghe-unit-chi-nhanh-ha-noi/32419.html
CÔNG TY CỔ PHẦN PHẦN MỀM NOBI VIỆT NAM,1,https://www.topcv.vn/viec-lam/backend-developer/1738492.html?ta_source=ITJobs_LinkDetail,https://www.topcv.vn/cong-ty/cong-ty-co-phan-phan-mem-nobi-viet-nam/99095.html
CÔNG TY CỔ PHẦN SABO GAME,1,https://www.topcv.vn/viec-lam/concept-artist/1763040.html?ta_source=ITJobs_LinkDetail,https://www.topcv.vn/cong-ty/cong-ty-co-phan-sabo-game/178720.html
Công ty cổ phần Bateco Việt Nam,1,https://www.topcv.vn/viec-lam/quan-tri-du-an-cntt-chuyen-doi-so/1889173.html?ta_source=ITJobs_LinkDetail,https://www.topcv.vn/cong-ty/cong-ty-co-phan-bateco-viet-nam/232541.html
CÔNG TY CỔ PHẦN SMARTSCALE,1,https://www.topcv.vn/viec-lam/game-client-developer/1877308.html?ta_source=ITJobs_LinkDetail,https://www.topcv.vn/cong-ty/cong-ty-co-phan-smartscale/153398.html
Công ty cổ phần Công nghệ VISSOFT,1,https://www.topcv.vn/viec-lam/c-developer/1872547.html?ta_source=ITJobs_LinkDetail,https://www.topcv.vn/cong-ty/cong-ty-co-phan-cong-nghe-vissoft/18747.html
Công ty cổ phần Công nghệ thông tin Phú Minh (Phú Minh Teck),1,https://www.topcv.vn/viec-lam/automation-tester-toi-thieu-3-nam-kinh-nghiem-offer-upto-35m-on-dinh-lau-dai-tai-ha-noi/1877289.html?ta_source=ITJobs_LinkDetail,https://www.topcv.vn/cong-ty/cong-ty-co-phan-cong-nghe-thong-tin-phu-minh-phu-minh-teck/145267.html
Công ty cổ phần EcoIT,1,https://www.topcv.vn/viec-lam/technical-leader/1830337.html?ta_source=ITJobs_LinkDetail,https://www.topcv.vn/cong-ty/cong-ty-co-phan-ecoit/55416.html
CÔNG TY CỔ PHẦN MẠNG Y TẾ CỘNG ĐỒNG,1,https://www.topcv.vn/viec-lam/chuyen-vien-phan-tich-nghiep-vu-ba/1784670.html?ta_source=ITJobs_LinkDetail,https://www.topcv.vn/cong-ty/cong-ty-co-phan-mang-y-te-cong-dong/90533.html
Công ty TNHH Đầu Tư và Phát Triển Phần Mềm Bắc Hà,1,https://www.topcv.vn/viec-lam/mobile-android-developer-kotlin/1777328.html?ta_source=ITJobs_LinkDetail,https://www.topcv.vn/cong-ty/cong-ty-tnhh-dau-tu-va-phat-trien-phan-mem-bac-ha/147172.html
Công ty TNHH Đầu tư & Phát triển Nam Triều,1,https://www.topcv.vn/viec-lam/ky-su-lap-trinh-web-application-tren-cloud/1562016.html?ta_source=ITJobs_LinkDetail,https://www.topcv.vn/cong-ty/cong-ty-tnhh-dau-tu-phat-trien-nam-trieu/27484.html
CÔNG TY CỔ PHẦN MỸ PHẨM QUỐC TẾ THÙY DUNG,1,https://www.topcv.vn/viec-lam/project-manager/1704475.html?ta_source=ITJobs_LinkDetail,https://www.topcv.vn/cong-ty/cong-ty-co-phan-my-pham-quoc-te-thuy-dung/19771.html
Công ty TNHH Đầu tư và Phát triển ATC VINA,1,https://www.topcv.vn/viec-lam/lap-trinh-vien-fullstack-java-javascript/1882076.html?ta_source=ITJobs_LinkDetail,https://www.topcv.vn/cong-ty/cong-ty-tnhh-dau-tu-va-phat-trien-atc-vina/236695.html
Công ty Tài chính tín dụng tiêu dùng TNHH MB SHINSEI (Mcredit),1,https://www.topcv.vn/viec-lam/java-developer/744031.html?ta_source=ITJobs_LinkDetail,https://www.topcv.vn/cong-ty/cong-ty-tai-chinh-tin-dung-tieu-dung-tnhh-mb-shinsei-mcredit/199036.html
CÔNG TY CỔ PHẦN OKHUB VIỆT NAM,1,https://www.topcv.vn/viec-lam/fresher-reactjs-nextjs/1864299.html?ta_source=ITJobs_LinkDetail,https://www.topcv.vn/cong-ty/cong-ty-co-phan-okhub-viet-nam/147409.html
Công ty cổ phần AppotaPay,1,https://www.topcv.vn/viec-lam/project-manager-quan-ly-du-an/1887146.html?ta_source=ITJobs_LinkDetail,https://www.topcv.vn/cong-ty/cong-ty-co-phan-appotapay/130108.html
CÔNG TY CỔ PHẦN ORENDA,1,https://www.topcv.vn/viec-lam/thuc-tap-sinh-kiem-thu/1879106.html?ta_source=ITJobs_LinkDetail,https://www.topcv.vn/cong-ty/cong-ty-co-phan-orenda/200308.html
Công ty TNHH Printway,1,https://www.topcv.vn/viec-lam/business-analyst-leader/1854184.html?ta_source=ITJobs_LinkDetail,https://www.topcv.vn/cong-ty/cong-ty-tnhh-printway/41124.html
Công ty TNHH TM & XNK Nhất Lâm,1,https://www.topcv.vn/viec-lam/chuyen-vien-van-hanh-he-thong-erp-sap/1833416.html?ta_source=ITJobs_LinkDetail,https://www.topcv.vn/cong-ty/cong-ty-tnhh-tm-xnk-nhat-lam/139599.html
Công ty TNHH TeenUp,1,https://www.topcv.vn/viec-lam/ai-engineer/1851319.html?ta_source=ITJobs_LinkDetail,https://www.topcv.vn/cong-ty/cong-ty-tnhh-teenup/199797.html
AMIGO,1,https://www.topcv.vn/viec-lam/project-manager-thu-nhap-hap-dan/1886782.html?ta_source=ITJobs_LinkDetail,https://www.topcv.vn/cong-ty/amigo/107358.html
BÁO ĐIỆN TỬ VNEXPRESS.NET,0,https://www.topcv.vn/viec-lam/ai-leader/1550483.html?ta_source=ITJobs_LinkDetail,https://www.topcv.vn/cong-ty/bao-dien-tu-vnexpress-net/90544.html
"VIỆN TÀI NGUYÊN, MÔI TRƯỜNG VÀ PHÁT TRIỂN BỀN VỮNG",0,https://www.topcv.vn/viec-lam/junior-research-programmer-energy-modelling-18-000-000-24-000-000-vnd-performance-based-bonus/1876929.html?ta_source=ITJobs_LinkDetail,https://www.topcv.vn/cong-ty/vien-tai-nguyen-moi-truong-va-phat-trien-ben-vung/218005.html
Công ty TNHH Thời trang MInh A.M,0,https://www.topcv.vn/viec-lam/chuyen-vien-chuyen-doi-so-hrm-larksuite/1882967.html?ta_source=ITJobs_LinkDetail,https://www.topcv.vn/cong-ty/cong-ty-tnhh-thoi-trang-minh-a-m/131733.html
Công ty TNHH LTS Global Digital Services,0,https://www.topcv.vn/viec-lam/chuyen-vien-kich-ban-ai/1837751.html?ta_source=ITJobs_LinkDetail,https://www.topcv.vn/cong-ty/cong-ty-tnhh-lts-global-digital-services/121962.html
Công ty TNHH MTV Logistics Viettel,0,https://www.topcv.vn/viec-lam/nhan-vien-nghiep-vu-he-thong/1880538.html?ta_source=ITJobs_LinkDetail,https://www.topcv.vn/cong-ty/cong-ty-tnhh-mtv-logistics-viettel/27224.html
Công Ty TNHH Du Lịch F5 Việt Nam,0,https://www.topcv.vn/viec-lam/nhan-vien-tin-hoc/1556231.html?ta_source=ITJobs_LinkDetail,https://www.topcv.vn/cong-ty/cong-ty-tnhh-du-lich-f5-viet-nam/16533.html
Công ty CP FINT Việt Nam,0,https://www.topcv.vn/viec-lam/nhan-vien-quan-tri-ha-tang/1885255.html?ta_source=ITJobs_LinkDetail,https://www.topcv.vn/cong-ty/cong-ty-cp-fint-viet-nam/189709.html
CÔNG TY TRÁCH NHIỆM HỮU HẠN VIPHAP,0,https://www.topcv.vn/viec-lam/truong-phong-phan-mem-quan-trac-cong-trinh/1892102.html?ta_source=ITJobs_LinkDetail,https://www.topcv.vn/cong-ty/cong-ty-trach-nhiem-huu-han-viphap/208914.html
Công Ty Cổ Phần Thương Mại Cơ Khí Và Xây Dựng Việt Nhật,0,https://www.topcv.vn/viec-lam/chuyen-vien-bim-kien-truc-ket-cau/1744044.html?ta_source=ITJobs_LinkDetail,https://www.topcv.vn/cong-ty/cong-ty-co-phan-thuong-mai-co-khi-va-xay-dung-viet-nhat/77751.html
CÔNG TY CỔ PHẦN HOSCO VIỆT NAM,0,https://www.topcv.vn/viec-lam/intern-cntt-ho-tro-nguoi-dung-va-du-lieu/1852016.html?ta_source=ITJobs_LinkDetail,https://www.topcv.vn/cong-ty/cong-ty-co-phan-hosco-viet-nam/144602.html
CÔNG TY CỔ PHẦN OMINEXT,0,https://www.topcv.vn/viec-lam/delivery-manager-korea-market/1877184.html?ta_source=ITJobs_LinkDetail,https://www.topcv.vn/cong-ty/cong-ty-co-phan-ominext/134456.html
CÔNG TY CỔ PHẦN CÔNG NGHỆ TÀI CHÍNH FINHUB,0,https://www.topcv.vn/viec-lam/mobile-development/1729105.html?ta_source=ITJobs_LinkDetail,https://www.topcv.vn/cong-ty/cong-ty-co-phan-cong-nghe-tai-chinh-finhub/163388.html
CÔNG TY CỔ PHẦN GIẢI PHÁP CÔNG NGHỆ VIỆT NAM,0,https://www.topcv.vn/viec-lam/nhan-vien-xu-ly-file-pod/1857807.html?ta_source=ITJobs_LinkDetail,https://www.topcv.vn/cong-ty/cong-ty-co-phan-giai-phap-cong-nghe-viet-nam/160746.html
CÔNG TY CỔ PHẦN GIẢI PHÁP TỰ ĐỘNG HÓA KỸ THUẬT VIỆT NAM (AES VIỆT NAM),0,https://www.topcv.vn/viec-lam/ai-intern/1891822.html?ta_source=ITJobs_LinkDetail,https://www.topcv.vn/cong-ty/cong-ty-co-phan-giai-phap-tu-dong-hoa-ky-thuat-viet-nam-aes-viet-nam/100143.html
2NF Software,0,https://www.topcv.vn/viec-lam/cloud-administrators-operations-engineers-noc/1878779.html?ta_source=ITJobs_LinkDetail,https://www.topcv.vn/cong-ty/2nf-software/26521.html
