Job Name,Company Name,Location,Level
Business Analyst Leader,Công ty TNHH Printway,"- Hà Nội: Tầng 2, Nhà 1B, Khu VL1, Khu Thương mại Dịch vụ Trung Văn, Phường Đại Mỗ, Nam Từ Liêm",Trưởng nhóm
2D Game Artist,CÔNG TY TNHH CÔNG NGHỆ HAY HAY GLOBAL,"- Hà Nội: Tầng 4, tòa Green Park Tower, Lô 33, ngõ 6 Dương Đình Nghệ, phường Yên Hòa TP Hà Nội, Cầu Giấy, Cầu Giấy",Nhân viên
AI Engineer,Công ty Cổ phần SEONGON Thịnh Vượng,"- Hà Nội: 46 Bích Câu, Ô Chợ Dừa, Đống Đa",Nhân viên
Quản Lý Dự Án,Công Ty Cổ Phần Edulive Toàn Cầu,"- Hà Nội: Khu Ngoại Giao Đoàn, Xuân Tảo, Bắc Từ Liêm, Bắc Từ Liêm",Quản lý / Giám sát
Chuyên Viên An Toàn Thông Tin Hà Nội,CÔNG TY TNHH DỊCH VỤ SỐ DIGILIFE VIỆT NAM,"- Hà Nội: Tầng 11, Toà Peakview, 36 Hoàng Cầu, Ô Chợ Dừa, Đống Đa",Nhân viên
Senior Developer Trung,Tập Đoàn Vàng Bạc Đá Quý DOJI,"- Hà Nội: DOJI Tower, số 5 Lê Duẩn, Ba Đình",Nhân viên
Trưởng Nhóm Phân Tích Nghiệp Vụ,CÔNG TY TNHH PHÁT TRIỂN HỆ THỐNG DỊCH VỤ CÔNG NGHỆ THÔNG TIN,"- Hà Nội: Số 38 Đỗ Đức Dục, Phường Mễ Trì, Nam Từ Liêm",Trưởng nhóm
Java Backend,Công ty cổ phần công nghệ ứng dụng Arabica Việt Nam,"- Hà Nội: 72 Dương Khuê, Nam Từ Liêm",Nhân viên
Fullstack Developer SQL,CÔNG TY CỔ PHẦN CÔNG NGHỆ VÀ TRUYỀN THÔNG AWING VIỆT NAM,"- Hà Nội: Tầng 4, tòa nhà King Building, 7 Chùa Bộc, Kim Liên, Đống Đa",Nhân viên
Thực Tập Sinh Lập Trình Back-End,CÔNG TY TNHH NEO TALENT,"- Hà Nội: 18 Tuệ Tĩnh, Hai Bà Trưng",Trưởng nhóm
Business Analyst Manager,Công ty CP Công nghệ phần mềm và nội dung số OSP,"- Hà Nội: Tầng 4, Tòa The Garden Hill, 99 Trần Bình, Nam Từ Liêm",Trưởng/Phó phòng
Data Engineer,Công ty Cổ phần GEM,"- Hà Nội: Tòa The Nine, số 9 Phạm Văn Đồng, Mai Dịch, Cầu Giấy - Hồ Chí Minh: Tầng 8, Hưng Bình Tower, 669 Điện Biên Phủ, Phường 25, Bình Thạnh, Bình Thạnh",Nhân viên
Chuyên Viên Phân Tích Dữ Liệu Data Analyst,CÔNG TY TNHH PHẦN MỀM TOWER HÀ NỘI,"- Hà Nội: Tòa nhà Viwaseen 48 đường Tố Hữu, phường Trung Văn, Nam Từ Liêm",Nhân viên
IT Business Analyst Phân Tích Nghiệp Vụ,CÔNG TY CỔ PHẦN ĐẦU TƯ VÀ CÔNG NGHỆ SOLID,"- Hà Nội: Duy Tân, Cầu Giấy",Nhân viên
Kỹ Sư Lập Trình,Công ty TNHH Đầu tư & Phát triển Nam Triều,"- Hà Nội: Phạm Hùng, Cầu Giấy",Trưởng nhóm
Project Manager,FPT Software,"- Hà Nội: Tòa nhà FPT Cầu Giấy, phố Duy Tân, phường Cầu Giấy, Thành phố Hà Nội, Việt Nam, Cầu Giấy",Trưởng/Phó phòng
System Admin,CÔNG TY CỔ PHẦN CÔNG NGHỆ VÀ DỊCH VỤ IMEDIA,"- Hà Nội: iMedia Tower, 508 Trường Chinh, Đống Đa",Nhân viên
Fullstack Java,Công ty cổ phần Synodus,- Hà Nội: Nam Từ Liêm,Nhân viên
Kỹ Sư,CÔNG TY CỔ PHẦN CÔNG NGHỆ SỐ BLUE TECH,"- Hà Nội: Lô 7, Khu Thấp tầng, Khu Ngoại giao đoàn, phường Xuân Đỉnh, Từ Liêm",Nhân viên
Android Developer Java Kotlin,CÔNG TY TNHH ĐẦU TƯ VÀ TƯ VẤN APEC THĂNG LONG,"- Hà Nội: Tòa B6-01, Vinhomes Gardenia Hàm Nghi, Nam Từ Liêm, Nam Từ Liêm",Nhân viên
Lập Trình Viên,Công ty cổ phần giải pháp First Trust Việt Nam,"- Hà Nội: Tầng 5, Tòa nhà Povilta, Lô B7&B8, Ngách 1, Ngõ 187 đường Nguyễn Tuân, Phường Nhân Chính, Thanh Xuân",Nhân viên
Senior Mobile Developer,Công ty cổ phần phương tiện điện thông minh Selex,"- Hà Nội: số 12 ngõ 36 xuân thủy, Cầu Giấy",Trưởng nhóm
Nhân Viên Tester QA,CÔNG TY CỔ PHẦN SMART - SOLUTIONS VIỆT NAM,"- Hà Nội: Tầng 4, số 11 ngõ 21 Lê Văn Lương, Nhân Chính, Thanh Xuân",Nhân viên
Developer,Công ty cổ phần Công nghệ Sapo,"- Hà Nội: tòa Ladeco, số 266 Đội Cấn, Ba Đình",Trưởng nhóm
Manual Tester,Công ty cổ phần phần mềm ITSOL Holdings,"- Hà Nội: 19 Duy Tân, Cầu Giấy, Cầu Giấy",Nhân viên
Data Engineer,CÔNG TY TNHH CÔNG NGHỆ EZCLOUD TOÀN CẦU,"- Hà Nội: Tầng 8, tòa Ladeco, số 266 Đội Cấn, Ba Đình",Nhân viên
Network Engineer,Công ty Cổ phần viễn thông FPT,"- Hà Nội: Số 48 Vạn Bảo, Phường Ngọc Khánh, Ba Đình",Nhân viên
Process Quality Assurance PQA,Công Ty TNHH LG CNS VIỆT NAM,"- Hà Nội: Tầng 15, Keangnam Landmark 72, Nam Từ Liêm",Nhân viên
Back-End Developer Lập Trình Viên Back-End,CÔNG TY CỔ PHẦN EVERSTAR GLOBAL,"- Hà Nội: Tầng 15, tháp Văn phòng, Discovery Complex, 302 Cầu Giấy, phường Dịch Vọng Hậu, Cầu Giấy",Nhân viên
AI Engineer,CÔNG TY CỔ PHẦN SMARTOSC,"- Hà Nội: Handico Phạm Hùng, Nam Từ Liêm",Nhân viên
Business Analyst Phân Tích Nghiệp Vụ BA,CÔNG TY CỔ PHẦN ĐẦU TƯ VÀ PHÁT TRIỂN TRÍ TUỆ NHÂN TẠO AIDIA,"- Hà Nội: Tầng 12 Toà nhà CTM Số 139 Cầu Giấy, Cầu Giấy",Nhân viên
DevOps Engineer,Công ty Cổ phẩn Lotus Quality Assurance,"- Hà Nội: tòa MHDI, Nam Từ Liêm",Nhân viên
Lập Trình Fullstack AngularJS,CÔNG TY TNHH MUMESOFT INNOVATION,"- Hà Nội: Tầng 6, số 12 Mễ Trì Hạ, phường Mễ Trì, Nam Từ Liêm",Trưởng nhóm
System Engineer,CÔNG TY CỔ PHẦN THIẾT BỊ VÀ TRUYỀN THÔNG NGS,"- Hà Nội: Tòa 6th Element Nguyễn Văn Huyên, Cầu Giấy",Nhân viên
Solution Architect,Công ty cổ phần chứng khoán VPS,- Hà Nội: Hai Bà Trưng,Nhân viên
Project Manager,Công ty TNHH SETA international Việt Nam,"- Hà Nội: Tòa nhà HL, ngõ 82, Duy Tân, Cầu Giấy",Nhân viên
DevOps Engineer,Công ty TNHH LP Technology,"- Hà Nội: Tòa nhà A Sông Đà, Đường Phạm Hùng, Phường Mỹ Đình I Hà Nội, Việt Nam, Nam Từ Liêm",Nhân viên
Manual Tester Bank,Công Ty Cổ Phần GoGroup,"- Hà Nội: 19 Lê văn lương, Cầu Giấy",Nhân viên
Nhân Viên IT IT Helpdesk,CÔNG TY TNHH ĐẦU TƯ PHÁT TRIỂN VẬT LIỆU MỚI VÀ CÔNG NGHỆ CAO H.P.T,"- Hà Nội: Lô C3.1- C3.2 Khu công nghệ cao Hòa Lạc, Quốc Oai - Hà Nội: Lô C3.1- C3.2 Khu công nghệ cao Hòa Lạc, Thạch Thất",Nhân viên
AI Engineer,CÔNG TY CỔ PHẦN ĐẦU TƯ VÀ PHÁT TRIỂN TRÍ TUỆ NHÂN TẠO AIDIA,"- Hà Nội: Tầng 12, Tòa nhà CTM 139 Cầu Giấy, Cầu Giấy",Nhân viên
Kỹ Sư An Toàn Thông Tin,Công ty cổ phần tập đoàn MK,- Hà Nội: Cầu Giấy,Nhân viên
,TẬP ĐOÀN CÔNG NGHIỆP - VIỄN THÔNG QUÂN ĐỘI,"- Hà Nội: Keangnam Landmark 72, Phạm Hùng, Từ Liêm",Nhân viên
Dự Án,Công ty TNHH Đầu tư phát triển và chuyển giao công nghệ Vina,"- Hà Nội: Tầng 5, Tòa Golden Park, 2 Phạm Văn Bạch, Yên Hòa, Cầu Giấy",Nhân viên
Lập Trình Viên,CÔNG TY CỔ PHẦN PHẦN MỀM THĂNG LONG,"- Hà Nội: Tòa Diamond Flower, 48 Lê Văn Lương, Thanh Xuân",Nhân viên
Nhân Viên Designer,Công Ty TNHH Velasboost,"- Hà Nội: Cự Khối, Long Biên",Nhân viên
Lập Trình Viên SQL,Công ty CP Giải pháp Thanh toán Việt Nam (VNPAY),"- Hà Nội: 22 Láng Hạ, Phường Láng, Đống Đa",Nhân viên
AI Engineer,CÔNG TY TNHH THỊ GIÁC META,"- Hà Nội: Số 11 Nguyễn Khả Trạc, Mai Dịch, Cầu Giấy",Nhân viên
Chuyên Viên Kỹ Thuật Quản Trị Hệ Thống,TRUNG TÂM DỊCH VỤ CHUYỂN ĐỔI SỐ – CHI NHÁNH TỔNG CÔNG TY CÔNG NGHỆ - VIỄN THÔNG TOÀN CẦU (GTEL CDS),"- Hà Nội: 103 Nguyễn Tuân, Phường Thanh Xuân Trung, Thanh Xuân",Nhân viên
IOS Developer,CÔNG TY CỔ PHẦN CÔNG NGHỆ ALPHAWAY,"- Hà Nội: 21 Cát Linh, Đống Đa",Trưởng nhóm
IT Project Manager,Công ty cổ phần TechLead,"- Hà Nội: Tầng 4- Số 11 Nguyển Xiển - Thanh Xuân, Thanh Xuân",Quản lý / Giám sát
Trợ Lý ERP BA,Trung Tâm Ngoại Ngữ Binggo Leaders,"- Hà Nội: 201 Cầu Giấy, Cầu Giấy",Nhân viên
,CÔNG TY TNHH MỘT THÀNH VIÊN AN NINH MẠNG VIETTEL,"- Hà Nội: Keangnam Landmark 72, Phạm Hùng, Từ Liêm",Nhân viên
Manual Tester Bank,CÔNG TY CỔ PHẦN GIẢI PHÁP CÔNG NGHỆ CODEE,"- Hà Nội: Trần Hưng Đạo, Hoàn Kiếm",Nhân viên
DevOps Engineer,CÔNG TY CỔ PHẦN VSI,"- Hà Nội: Tòa AC Building, số 3 ngõ 78 Phố Duy Tân, Dịch Vọng Hậu, Cầu Giấy, Cầu Giấy",Nhân viên
System Engineer,VĂN PHÒNG ĐẠI DIỆN - CÔNG TY TNHH CÔNG NGHỆ DCSS (VIỆT NAM),"- Hà Nội: tòa nhà LADECO, số 266 Đội Cấn, Ba Đình",Nhân viên
Frontend Developer ReactJS,CÔNG TY CỔ PHẦN CÔNG NGHỆ ALPHAWAY,- Hà Nội,Trưởng nhóm
Nhân Viên QA Đảm Bảo Chất Lượng,CÔNG TY TNHH LIVESPO PHARMA,"- Hà Nội: 43 Quyết Thắng, Yên Nghĩa, Hà Đông, Bắc Từ Liêm",Nhân viên
Java Developer,Eastgate Software JSC,"- Hà Nội: Tầng 11, VCCI Tower, 09 Đào Duy Anh, Đống Đa",Nhân viên
Lập Trình Viên Backend Golang Đi Làm Ngay,CÔNG TY CỔ PHẦN CHUYỂN ĐỔI SỐ AIONTECH,"- Hà Nội: Số 1, Ngõ 106 Đường Hoàng Quốc Việt, Tổ 60, Phường Nghĩa Tân, Cầu Giấy",Nhân viên
IOS Developer,Công ty cổ phần phần mềm Matechmobile,"- Hà Nội: Tòa nhà Zen Tower, 12 Khuất Duy Tiến,Thanh Xuân Trung, Thanh Xuân, Thanh Xuân",Nhân viên
Kỹ Sư AI AI Engineer,Khối Công nghệ thông tin - Viettel Telecom,"- Hà Nội: Tầng 42 + 43, tòa nhà Keangnam Landmark 72 Phạm Hùng, Nam Từ Liêm",Nhân viên
Senior Business Analyst ERP,CÔNG TY CỔ PHẦN AUTHENTIC EDUCATION HUB,"- Hà Nội: Số 5 BT2, Khu đô thị Mễ Trì Hạ, phường Mễ Trì, Nam Từ Liêm",Nhân viên
Front End Developer React.JS,CÔNG TY CỔ PHẦN STRINGEE,"- Hà Nội: Tầng 17 VP 2, Tòa nhà Sunsquare, 21 Lê Đức Thọ, Nam Từ Liêm",Nhân viên
Game Artist,CÔNG TY CỔ PHẦN BLACKGEMS GLOBAL,"- Hà Nội: Tòa The Nine, số 9 Phạm Văn Đồng, Mai Dịch, Cầu Giấy",Nhân viên
Chuyên Viên Phân Tích Nghiệp Vụ Business Analyst,CÔNG TY CỔ PHẦN CÔNG NGHỆ FOXAI,"- Hà Nội: Tòa N03-T3, Khu Ngoại Giao Đoàn, Phường Xuân Đỉnh, Bắc Từ Liêm",Nhân viên
Golang Developer,CÔNG TY CỔ PHẦN CÔNG NGHỆ VI MÔ,"- Hà Nội: Tòa VTC Online - số 18 Tam Trinh, Hai Bà Trưng",Nhân viên
Quản Lý Sản Phẩm,Công ty CP Giải pháp Thanh toán Việt Nam (VNPAY),"- Hà Nội: 97 Láng Hạ, Đống Đa",Nhân viên
Flutter Developer,CÔNG TY TNHH CÔNG NGHỆ THÔNG TIN VÀ VIỄN THÔNG DOLPHIN,"- Hà Nội: 81 Lê Đức Thọ,Mỹ Đình, Nam Từ Liêm",Nhân viên
Artist,Công ty Cổ phần Lotus Media,"- Hà Nội: Tòa A, Hateco Yên Sở, Hoàng Mai, Hoàng Mai",Nhân viên
Java Backend Leader,Công ty cổ phần PayPay,"- Hà Nội: 34 Nguyễn Khánh Toàn, Quan Hoa, Cầu Giấy, Cầu Giấy",Trưởng nhóm
Product Manager,Công ty Cổ phần Công nghệ KiotViet,"- Hà Nội: 1A Yết Kiêu - Phường Cửa Nam, Hoàn Kiếm",Trưởng/Phó phòng
Nhân Viên QA Tester,CÔNG TY CỔ PHẦN GIẢI PHÁP AI VIỆT,"- Hà Nội: Đặng Tiến Đông, Đống Đa",Nhân viên
Giám Đốc Công Nghệ Thông Tin,Công ty Cổ phần Tập đoàn Đầu tư KLB,"- Hà Nội: 48 Lê Văn Lương, Thanh Xuân",Giám đốc
Engineer,Viettel IDC,"- Hà Nội: Tầng 16, Tòa Hapulico Center Building, Số 85 Vũ Trọng Phụng, Thanh Xuân - Hồ Chí Minh: Viettel Complex, Cách Mạng Tháng 8, Phường 12 0, Tân Bình",Nhân viên
QA Tester Banking,Công ty Cổ phần 9Pay,"- Hà Nội - Hà Nội: Số 19 Tố Hữu, Nam Từ Liêm",Quản lý / Giám sát
Solution Architect,FPT Software,"- Hà Nội: FPT Building, 17 Duy Tân Str., Cầu Giấy District, Hanoi, Cầu Giấy - Hồ Chí Minh: F-Town 3, 3 Võ Chí Công, Phường Long Thạnh Mỹ Ho Chi Minh City, Vietnam, Thủ Đức - Đà Nẵng: Tòa Nhà FPT Complex, Ðường Nam Kỳ Khởi Nghĩa, Phường Hoà Hải TP.Ðà Nẵng, Ngũ Hành Sơn - Thừa Thiên Huế: The Manor Crown, 62 To Huu, Hue City, TP Huế ...và 1 địa điểm khác Thu gọn",Nhân viên
NET Developer,CÔNG TY CỔ PHẦN PHẦN MỀM NOBI VIỆT NAM,- Hà Nội,Trưởng nhóm
Chuyên Viên Kiểm Thử Phần Mềm Tester,CÔNG TY TNHH VETC DIGITAL,"- Hà Nội: Tasco Building, HH2-2, Phạm Hùng, Nam Từ Liêm",Nhân viên
Business Analyst,Công ty cổ phần BUFF Fintech,"- Hà Nội: Tầng M, Yên Hòa ParkView, số 3 Vũ Phạm Hàm, Cầu Giấy",Nhân viên
Android Developer Kotlin,Công ty TNHH Đầu Tư và Phát Triển Phần Mềm Bắc Hà,"- Hà Nội: Tòa C5 - D'capitale, Trần Duy Hưng, Cầu Giấy",Nhân viên
2D Artist Marketing,CÔNG TY TNHH CÔNG NGHỆ NHẬN THỨC MÁY HORUS AI,"- Hà Nội: tòa Ct2D, VOV, Mễ Trì, Nam Từ Liêm, Nam Từ Liêm",Nhân viên
Devops Engineer,Công ty Cổ phần Funtap,"- Hà Nội: Tầng 4, tòa nhà Tây Hà, số 19 Tố Hữu, Nam Từ Liêm",Nhân viên
Chuyên Viên Phân Tích Nghiệp Vụ Business Analyst,Công ty Cổ phần viễn thông FPT,"- Hà Nội: Tòa nhà Detech 2 số 107 Nguyễn Phong Sắc, Cầu Giấy",Trưởng nhóm
Java Developer,Công Ty Cổ Phần GoGroup,"- Hà Nội - Hà Nội: 20 đức giang, Long Biên - Hà Nội: 19 lê văn lương, Cầu Giấy",Nhân viên
Fresher Backend Java,Công ty Cổ phần Falcon Technology,"- Hà Nội: Tòa nhà Rivera Park, 69 Đ. Vũ Trọng Phụng, Thanh Xuân",Nhân viên
Business Analyst,CÔNG TY CỔ PHẦN GIẢI PHÁP CÔNG NGHỆ CARO,"- Hà Nội: Tầng 7, số 8 Ngõ 21 Lê Văn Lương, Thanh Xuân, Thanh Xuân",Nhân viên
Lập Trình Viên Phát Triển Ứng Dụng Dự Án Giáo Dục,CÔNG TY CỔ PHẦN ĐẦU TƯ VÀ CÔNG NGHỆ BẦU TRỜI XANH,"- Hà Nội: BT16B6-32, Làng Việt Kiều Châu Âu, P. Mộ Lao, Hà Đông",Nhân viên
NET Developer,Công ty TNHH SETA international Việt Nam,"- Hà Nội: Tòa nhà HL, ngõ 82, Duy Tân, Cầu Giấy",Nhân viên
Tester Nhân Viên Kiểm Thử Phần Mềm,CÔNG TY TNHH HORUS PRODUCTIONS,"- Hà Nội: Tầng 2 tòa VOV Mễ Trì, Nam Từ Liêm",Trưởng nhóm
Fullstack Developer Golang Python Đống Đa Hà Nội,OpenCommerce Group,"- Hà Nội: 36 Hoàng Cầu, Đống Đa",Nhân viên
Game Developer,CÔNG TY TNHH ULT VIỆT NAM,"- Hà Nội: tầng 27 tòa nhà Ellipse , Trần Phú, Hà Đông, Hà Đông",Nhân viên
Backend Developer,CÔNG TY TNHH NEO TALENT,"- Hà Nội: Nguyễn Hoàng, Bắc Từ Liêm",Trưởng nhóm
IOS Flutter Developer,Công ty cổ phần BEE TECH ASIA,"- Hà Nội: Tầng 4, TTTM Hà Thành, 102 Thái Thịnh, Trung Liêt, Đống Đa, Đống Đa",Nhân viên
Chuyên Viên Quản Trị Hệ Thống,CÔNG TY TNHH VETC DIGITAL,"- Hà Nội: Tasco Building, HH2-2, Phạm Hùng, Nam Từ Liêm",Nhân viên
Lập Trình Viên Android,CÔNG TY CỔ PHẦN CÔNG NGHỆ ALPHAWAY,"- Hà Nội: 21 Cát Linh, Đống Đa",Trưởng nhóm
Business Analyst,CÔNG TY TNHH BMBSOFT VIỆT NAM,"- Hà Nội: No. 11–12, Lot 4, Bao Nhân Dân Area, Trinh Van Bo Street, Xuan Phuong Ward, Hanoi., Nam Từ Liêm",Trưởng nhóm
Fresher Business Analyst,CÔNG TY CỔ PHẦN CÔNG NGHỆ UPBASE,"- Hà Nội: Tầng 3, Diamond Flower, 48 Lê Văn Lương, Thanh Xuân",Nhân viên
Network Engineer,CÔNG TY CỔ PHẦN THIẾT BỊ VÀ TRUYỀN THÔNG NGS,"- Hà Nội: Tòa 6th Element Nguyễn Văn Huyên, Cầu Giấy, Cầu Giấy",Nhân viên
Quản Trị Cơ Sở Dữ Liệu DBA,Công ty CP Giải pháp Thanh toán Việt Nam (VNPAY),"- Hà Nội: 22 Láng Hạ, Phường Láng, Đống Đa",Nhân viên
Kỹ Sư Đảm Bảo Chất Lượng Fresher QA Tester Tiếng Anh Hà Nội Đà Nẵng,Công Ty TNHH Avepoint Việt Nam,"- Đà Nẵng: 2F Vinh Trung Plaza, No. 255-257 Hung Vuong, Vinh Trung, Thanh Khê - Hà Nội: tầng 4, Số 3 Lê Trọng Tấn, Thanh Xuân",Nhân viên
ReactJS Developer,Công ty TNHH Dịch vụ công nghệ TP,"- Hà Nội: Tầng 2 tháp A, Toà nhà Rivera Park, 69 Vũ Trọng Phụng, phường Thanh Xuân, Thanh Xuân",Nhân viên
Kỹ Sư Dữ Liệu Data Engineer,Khối Công nghệ thông tin - Viettel Telecom,"- Hà Nội: Tầng 42 + 43, tòa nhà Keangnam Landmark 72 Phạm Hùng, Nam Từ Liêm",Nhân viên
Flutter Developer,CÔNG TY TNHH VETC DIGITAL,"- Hà Nội: Tasco Building, HH2-2, Phạm Hùng, Nam Từ Liêm",Nhân viên
Android Developer Kotlin,Công ty TNHH Dịch vụ công nghệ TP,- Hà Nội,Nhân viên
Thực Tập Sinh Devops,FPT Software,"- Hà Nội: 10 Phạm Văn Bạc, Cầu Giấy",Thực tập sinh
Chuyên Viên Quản Trị Mạng Network Engineer,CÔNG TY TNHH VETC DIGITAL,"- Hà Nội: Tasco Building, HH2-2, Phạm Hùng, Nam Từ Liêm",Nhân viên
Technical Leader,Công ty TNHH AIRCLOSET ENGINEERING,"- Hà Nội: Tầng 10, tòa nhà 3D Center -số 3 Duy Tân, Cầu Giấy",Trưởng nhóm
Full Stack Engineer,Công ty Cổ phần GEM,"- Hà Nội: Tòa The Nine, số 9 Phạm Văn Đồng, Mai Dịch, Cầu Giấy - Hồ Chí Minh: Tầng 8, Hưng Bình Tower, 669 Điện Biên Phủ, Phường 25, Bình Thạnh, Bình Thạnh",Nhân viên
Project Manager Dự Án Bank,Công ty cổ phần Synodus,"- Hà Nội: CIC Tower, 2/219 Trung Kín, Cầu Giấy",Trưởng nhóm
Kỹ Thuật Viên,Chi nhánh CTCP Giáo dục ISMART tại Hà Nội,- Hà Nội: Nam Từ Liêm - Hà Nội: Hoài Đức,Nhân viên
Lập Trình Mobile,CÔNG TY CỔ PHẦN CÔNG NGHỆ VCS VIỆT NAM,"- Hà Nội: 101 Láng Hạ, Đống Đa",Nhân viên
Python,Công ty Cổ phẩn Thương mại Dược Vương,"- Hà Nội: Tầng 5, toà 32C The Golden An Khánh, Hoài Đức",Trưởng nhóm
DevOps Engineer,CÔNG TY TNHH VETC DIGITAL,"- Hà Nội: Tasco Building, HH2-2, Phạm Hùng, Nam Từ Liêm",Nhân viên
Business Analyst,CÔNG TY TNHH GEMCOMMERCE,"- Hà Nội: Tòa Artemis, số 3 Lê Trọng Tấn, Thanh Xuân",Trưởng nhóm
Chuyên Viên Quản Lý Chất Lượng,Công ty TNHH Đầu tư phát triển và chuyển giao công nghệ Vina,"- Hà Nội: Tầng 5, Tòa Golden Park, 2 Phạm Văn Bạch, Yên Hòa, Cầu Giấy",Nhân viên
Chuyên Viên Kiểm Thử Phần Mềm Tester,Công ty Cổ phần SIMBATECH,"- Hà Nội: Tòa nhà MB 18 Lê Văn Lương, Cầu Giấy - Hà Nội: 21 Cát Linh, Đống Đa",Nhân viên
DevOps Engineer,CÔNG TY CỔ PHẦN JARVIS GLOBAL,"- Hà Nội: Trung Hoà, Cầu Giấy, Cầu Giấy",Nhân viên
Fullstack Engineer,FPT Smart Cloud (FCI),"- Hà Nội: tòa FPT Tower, số 10 Phạm Văn Bạch, Cầu Giấy",Quản lý / Giám sát
Lập Trình Viên Back-End Java,CÔNG TY TNHH MỘT THÀNH VIÊN CÔNG NGHỆ VÀ THƯƠNG MẠI WIINVENT,"- Hà Nội: 96 Hoàng Ngân, Cầu Giấy",Nhân viên
Tester Tiếng Nhật,CÔNG TY TNHH MUMESOFT INNOVATION,"- Hà Nội: Tầng 6, số 12 Mễ Trì Hạ, phường Mễ Trì, Nam Từ Liêm",Trưởng nhóm
Trưởng Nhóm Business Analyst,CÔNG TY CỔ PHẦN LIFETEX,"- Hà Nội: HH2 Bắc Hà, Nhân Chính, Thanh Xuân",Trưởng nhóm
IOS Developer,CÔNG TY CỔ PHẦN CÔNG NGHỆ ALPHAWAY,"- Hà Nội: 21 Cát Linh, Đống Đa",Trưởng nhóm
Android Developer Hà Nội,CÔNG TY TNHH PIONTECH SOFTWARE,"- Hà Nội: Tầng 7 - số 6 ngõ 66a Triều Khúc, Thanh Xuân",Nhân viên
Nhân Viên Hỗ Trợ ERP,Công ty cổ phần Canifa,"- Hà Nội: 170 Đê La Thành, Đống Đa",Nhân viên
AI Engineer,CÔNG TY TNHH VETC DIGITAL,"- Hà Nội: Tasco Building, HH2-2, Phạm Hùng, Nam Từ Liêm",Nhân viên
Manual Tester Bank,CÔNG TY CỔ PHẦN PARALINE SOFTWARE,"- Hà Nội: 18 Lê Văn Lương, Trung Hòa, Cầu Giấy, Thanh Xuân",Trưởng nhóm
Giảng Viên Công Nghệ Thông Tin Khoa Học,Trường Đại học CMC,"- Hà Nội: 84C Nguyễn Thanh Bình, Hà Đông",Nhân viên
Database Administrator,CÔNG TY TNHH ĐẦU TƯ TẬP ĐOÀN MẶT TRỜI,"- Hà Nội: Sun City, 13 Hai Bà Trưng, Hoàn Kiếm, Hai Bà Trưng",Nhân viên
Game Tester,Công ty VTC Online,"- Hà Nội: Tòa nhà VTC Online, 18 Tam Trinh, Hai Bà Trưng",Nhân viên
AI Engineer,CÔNG TY TNHH GIẢI PHÁP CÔNG NGHỆ APOLLO,"- Hà Nội: Duy Tân, Cầu Giấy",Nhân viên
Project Manager,CÔNG TY CỔ PHẦN CÔNG NGHỆ SICIX,"- Hà Nội: Tháp Tây, Chung cư học viện bộ Quốc phòng, Xuân La, Tây Hồ",Trưởng/Phó phòng
Game Tester,Winter Wolf - IEC Games,"- Hà Nội: Hoàng Đạo Thuý, Cầu Giấy",Thực tập sinh
Software Engineer Java,Công ty Cổ phần Công nghệ KiotViet,"- Hà Nội: 1A Yết Kiêu - Phường Cửa Nam, Hoàn Kiếm",Nhân viên
Trưởng Nhóm Phân Tích Nghiệp Vụ,CÔNG TY CỔ PHẦN ĐẦU TƯ CÔNG NGHỆ HOÀNG HUY,"- Hà Nội: Linh Đàm, Hoàng Mai",Trưởng nhóm
ReactJs Developer,Công ty Cổ phần Công nghệ Tài chính Goline,"- Hà Nội: Tòa Nhà Kim Ánh, 78 Duy Tân, Cầu Giấy",Nhân viên
Manual Tester QA,Công ty cổ phần BUFF Fintech,"- Hà Nội: Tầng M, Yên Hòa ParkView, số 3 Vũ Phạm Hàm, Cầu Giấy",Nhân viên
IT Analyst,CÔNG TY CỔ PHẦN GREEN SPEED,"- Hà Nội: Lot 41A & B, Quang Minh IZ, Mê Linh",Nhân viên
2D Game Artist Hà Nội,Văn phòng đại diện NSTAGE INC tại thành phố Hà Nội,"- Hà Nội: đường Hoàng Đạo Thúy, phường Trung Hòa, Cầu Giấy",Nhân viên
Kỹ Thuật Viên,CÔNG TY CỔ PHẦN ĐẦU TƯ VÔ VI,"- Hà Nội: 131 Thịnh Quang, Đống Đa",Nhân viên
,CÔNG TY TNHH MỘT THÀNH VIÊN AN NINH MẠNG VIETTEL,"- Hà Nội: Keangnam Landmark 72, Phạm Hùng, Từ Liêm",Nhân viên
,Công ty cổ phần TechLead,"- Hà Nội: Tầng 4 - Số 11 Nguyển Xiển - Thanh Xuân, Thanh Xuân",Trưởng nhóm
Mobile Developer,CÔNG TY CP THƯƠNG MẠI XUẤT NHẬP KHẨU PHƯƠNG KHANG,"- Hà Nội: IP3 Imperial Plaza 360 Giải Phóng, Phương Liệt, Thanh Xuân, Thanh Xuân",Nhân viên
Nhân Viên Vận Hành Hệ Thống,Công Ty TNHH Thương Mại & Xuất Nhập Khẩu Nhất Lâm,"- Hà Nội: H18+19 Ngõ 68 Trung Kín, Cầu Giấy",Nhân viên
Kỹ Sư,FPT Software,"- Hà Nội: Khu công nghệ cao Hòa Lạc, Thạch Thất",Nhân viên
Business Analyst Nhân Viên Phân Tích Nghiệp Vụ,CÔNG TY CỔ PHẦN FIVE-STAR E-LEARNING,"- Hà Nội: 35 Lạc Trung, Hai Bà Trưng",Trưởng nhóm
AI Engineer,CÔNG TY TNHH DỊCH VỤ SỐ DIGILIFE VIỆT NAM,"- Hà Nội: Tầng 11, Toà Peakview, 36 Hoàng Cầu, Ô Chợ Dừa, Đống Đa",Nhân viên
Kỹ Sư,TẬP ĐOÀN CÔNG NGHIỆP - VIỄN THÔNG QUÂN ĐỘI,"- Hà Nội: Tầng 41, Landmark 72, Keangnam, Phạm Hùng, Nam Từ Liêm - Hồ Chí Minh: Tầng 28, Tòa Viettel Complex, CMT8, Quận 10",Nhân viên
C++ Developer,Công ty cổ phần Công nghệ VISSOFT,"- Hà Nội: Tòa Detech, số 8 Tôn Thất Thuyết, Nam Từ Liêm",Nhân viên
Nhân Viên Kỹ Thuật Hà Nội,Công ty CP Công nghệ ATO,"- Hà Nội: Tầng 3, Số 19, Ngõ 68, Quan Nhân,, Thanh Xuân",Nhân viên
Tester,Công ty cổ phần công nghệ ứng dụng Arabica Việt Nam,"- Hà Nội: Số 68 ngõ 72 Dương Khuê, Mỹ Đình 2, Nam Từ Liêm",Nhân viên
Backend Developer,CÔNG TY TNHH DỊCH VỤ SỐ DIGILIFE VIỆT NAM,"- Hà Nội: Tầng 11, Toà Peakview, 36 Hoàng Cầu, Ô Chợ Dừa, Đống Đa",Nhân viên
Backend Developer Java Python,CÔNG TY CỔ PHẦN TẬP ĐOÀN APEC GROUP,"- Hà Nội: Tầng 3, TTTM Grand Plaza, Số 117 Trần Duy Hưng, Phường Trung Hòa, Cầu Giấy",Nhân viên
Kỹ Sư Đảm Bảo Chất Lượng QA Engineer,CÔNG TY CỔ PHẦN  DỊCH VỤ CÔNG NGHỆ BEAM,- Hà Nội,Nhân viên
Trưởng Phòng Công Nghệ,Công Ty Cổ Phần Dịch Vụ Kỹ Thuật Mobifone,"- Hà Nội: Tòa nhà TTC, số 19 Duy Tân, Dịch Vọng Hậu, Cầu Giấy",Trưởng/Phó phòng
Trưởng Nhóm Kỹ Sư Phân Tích Nghiệp Vụ BA,CÔNG TY CỔ PHẦN CÔNG NGHỆ VÀ ỨNG DỤNG SỐ VIỆT NAM,"- Hà Nội: KĐT Linh Đàm, Hoàng Mai",Trưởng nhóm
Project Manager IT,CÔNG TY CỔ PHẦN ĐẦU TƯ VÀ CÔNG NGHỆ BAVAAN,"- Hà Nội: Căn TT03 – 36, Khu đô thị MonCity, Nam Từ Liêm",Nhân viên
Python Developer,CÔNG TY CỔ PHẦN CÔNG NGHỆ ALPHAWAY,- Hà Nội,Trưởng nhóm
Process Quality Assurance,Công ty Cổ phần GEM,"- Hà Nội: Tòa The Nine, số 9 Phạm Văn Đồng, Mai Dịch, Cầu Giấy",Nhân viên
Thực Tập Sinh,Cty Cổ phần Blueco toàn cầu,"- Hà Nội: Duy Tân, Cầu Giấy",Thực tập sinh
Backend Developer,"TECHVIFY SOFTWARE., JSC","- Hà Nội: HUDTOWER, số 37 Lê Văn Lương, Phường Thanh Xuân, Thanh Xuân",Trưởng nhóm
Java Developer,Công ty TNHH Thu phí tự động VETC,"- Hà Nội: Tòa Tasco, hh2-2 Phạm Hùng, Nam Từ Liêm",Nhân viên
Game Design,CÔNG TY TNHH HAPIGA VIỆT NAM,"- Hà Nội: Tòa VOV Mễ Trì, Nam Từ Liêm, Nam Từ Liêm",Thực tập sinh
Thực Tập Sinh Design Game,CÔNG TY CỔ PHẦN YOOTEK HOLDINGS,"- Hà Nội: Tầng 2, Tòa N09B2 Thành Thái, Dịch Vọng, Cầu Giấy",Nhân viên
Frontend Developer Hà Nội,Open Reach Tech Hanoi,"- Hà Nội: 83 Trung Kính, Phường Trung Hòa, Cầu Giấy",Nhân viên
Software Engineer Java,CÔNG TY TNHH VETC DIGITAL,"- Hà Nội: Tasco Building, HH2-2, Phạm Hùng, Nam Từ Liêm",Nhân viên
Product Owner,Công ty cổ phần phần mềm Matechmobile,"- Hà Nội: Tòa nhà Zen Tower, 12 Khuất Duy Tiến,Thanh Xuân Trung, Thanh Xuân, Thanh Xuân",Nhân viên
Product Owner,Công ty Cổ phần INFINITY TECHNOLOGY GLOBAL,"- Hà Nội: Tầng 6, tòa nhà Đồng Lợi, ngõ 1160 đường Láng, Láng Thượng, Đống Đa, Đống Đa",Nhân viên
Python Developer,CÔNG TY CỔ PHẦN CÔNG NGHỆ ALPHAWAY,"- Hà Nội: 44 Lê Ngọc Hân, Hai Bà Trưng",Trưởng nhóm
Fullstack Developer Python,Công ty CP Khoa học Dữ liệu,"- Hà Nội: Tầng 4, toà HH2 Yên Hoà, đường Dương Đình Nghệ, Cầu Giấy",Nhân viên
Business Analyst,Công ty Cổ phần Công nghệ Alphaway,"- Hà Nội: Lê Ngọc Hân, Hai Bà Trưng, Hai Bà Trưng",Trưởng nhóm
Senior Business Analyst,NGÂN HÀNG THƯƠNG MẠI CỔ PHẦN VIỆT NAM THỊNH VƯỢNG,"- Hà Nội: 89 Láng Hạ, Đống Đa",Trưởng nhóm
Kỹ Sư AI,CÔNG TY CỔ PHẦN CÔNG NGHỆ UPP TOÀN CẦU,"- Hà Nội: Tòa Web3, Số 15 Ngõ 4 Duy Tân, Dịch Vọng Hậu, Cầu Giấy, Cầu Giấy",Trưởng nhóm
Scrum Master,Vega Corporation,"- Hà Nội: 106 Hoàng Quốc Việt, Cầu Giấy",Nhân viên
,Công ty cổ phần Hạ tầng Viễn thông CMC Telecom,"- Hà Nội: Số 11, Duy Tân, Tòa Nhà CMC, Cầu Giấy",Nhân viên
Trưởng Nhóm Kiểm Thử,CÔNG TY CỔ PHẦN ĐẦU TƯ CÔNG NGHỆ HOÀNG HUY,"- Hà Nội: Linh đàm, Hoàng Mai",Trưởng nhóm
ERP,Công ty Cổ phần công  nghệ thực phẩm Châu Á,"- Hà Nội: 69 - Tô Hiến Thành, Hai Bà Trưng",Nhân viên
Business Analyst,Công ty cổ phần Tasco,"- Hà Nội: tòa nhà Tasco, Nam Từ Liêm",Nhân viên
Scrum Master,CÔNG TY CỔ PHẦN FIVE-STAR E-LEARNING,"- Hà Nội: 35 Lạc Trung, Hai Bà Trưng",Trưởng nhóm
Flutter Developer,Wavez Technologies,"- Hà Nội: Tòa nhà Golden Palace, Mễ Trì, Nam Từ Liêm, Nam Từ Liêm",Nhân viên
Technical Support Engineer,Công Ty TNHH Avepoint Việt Nam,"- Đà Nẵng: 2F Vinh Trung Plaza, No. 255-257 Hung Vuong, Vinh Trung, Thanh Khê - Hà Nội: Tầng 4, Artemis, Số 3 Lê Trọng Tấn, Phương Liệt, Thanh Xuân",Nhân viên
Artist,CÔNG TY CỔ PHẦN AZ GLOBAL CORP,"- Hà Nội: Tầng 3, tòa nhà FLC Landmark Tower, đường Lê Đức Thọ, phường Mỹ Đình 2, Nam Từ Liêm",Nhân viên
Senior Frontend Developer Angular,Newwave Solutions JSC,"- Hà Nội: Tòa Mitec, Dương Đình Nghệ, Yên Hòa, Cầu Giấy, Cầu Giấy",Nhân viên
Java Developer,Viettel Digital,"- Hà Nội: Tòa Keangnam, Phạm Hùng, Nam Từ Liêm",Trưởng nhóm
Fresher ReactJs,CÔNG TY CỔ PHẦN OKHUB VIỆT NAM,"- Hà Nội: đường dọc bún 2, phường Văn Khê, Hà Đông",Nhân viên
Business Analyst,Công ty Cổ Phần Rikkeisoft,"- Hà Nội: tòa Vinacomin Dương Đình Nghệ, Cầu Giấy",Nhân viên
Chuyên Viên Phân Tích Nghiệp Vụ Business Analyst BA,Công ty Cổ phần Tập đoàn Song Nam,"- Hà Nội: Tầng 2, Tòa N09B2 Thành Thái, Dịch Vọng, Cầu Giấy, Cầu Giấy",Nhân viên
Project Manager Quản Trị Dự Án Công Nghệ Thông Tin,Ngân Hàng TMCP An Bình,- Hà Nội,Nhân viên
QC,Công ty Cổ phần Funtap,"- Hà Nội: Tầng 4, tòa nhà Tây Hà, số 19 Tố Hữu, Nam Từ Liêm",Nhân viên
Nhân Viên IT Support,CÔNG TY CỔ PHẦN FIVE-STAR E-LEARNING,"- Hà Nội: 35 Lạc Trung, Hai Bà Trưng",Trưởng nhóm
Automation Test,Công ty Cổ phần Giải pháp Công nghệ TTC Việt Nam,- Hà Nội: Cầu Giấy,Nhân viên
Engineer,CÔNG TY CỔ PHẦN CÔNG NGHỆ SAVA META,"- Hà Nội: : Unit 5, Tầng 14 Tòa Nhà Century Tower, 458 phố Minh Khai, Phường Vĩnh Tuy, Hai Bà Trưng",Nhân viên
,Cty TNHH Thundersoft Việt Nam,"- Hà Nội: Toà nhà Westpoint Tower Đỗ Đức Dục, Nam Từ Liêm, Nam Từ Liêm",Trưởng nhóm
Backend Developer,CÔNG TY CỔ PHẦN ZTO LABS,"- Hà Nội: NIC Hanoi, Ngõ 7 Tôn Thất Thuyết, Dịch Vọng Hậu, Cầu Giấy, Cầu Giấy",Trưởng nhóm
Mobile Developer Flutter,CÔNG TY CỔ PHẦN CÔNG NGHỆ ALPHAWAY,- Hà Nội,Trưởng nhóm
Lập Trình Viên Front-End Vuejs,CÔNG TY CỔ PHẦN GIẢI PHÁP CÔNG NGHỆ NEWWAY,"- Hà Nội: Số 74 Hồ Đền Lừ, Phường Tương Mai, Hoàng Mai",Nhân viên
Nhân Viên QA Tiếng Nhật,CÔNG TY TNHH CÔNG NGHỆ AMCOLAB,"- Hà Nội: Audi Hanoi, 8 Phạm Hùng, phường Mễ Trì TP Hà Nội, Việt Nam, Nam Từ Liêm",Nhân viên
Business Analyst,CÔNG TY TNHH VETC DIGITAL,"- Hà Nội: Tasco Building, HH2-2, Phạm Hùng, Nam Từ Liêm",Nhân viên
C/C++ Developer,CÔNG TY CỔ PHẦN AHT TECH,"- Hà Nội: Toà Mitec, Đường Dương Đình Nghệ, Cầu Giấy, Cầu Giấy",Trưởng nhóm
Dự Án Game,CÔNG TY CỔ PHẦN ADNX,"- Hà Nội: Số 20-16B1, Làng Việt Kiều Châu Âu, Phường Hà Đông, Hà Đông",Nhân viên
Game Artist Hà Nội,CÔNG TY CỔ PHẦN CÔNG NGHỆ ONECHAIN,- Hà Nội: Đống Đa,Nhân viên
Quản Lý Triển Khai Dự Án,CÔNG TY CỔ PHẦN TẬP ĐOÀN IVI,"- Hà Nội: Tòa VOV, 35 Nguyễn Đình Chiểu, Lê Đại Hành, Hai Bà Trưng - Hồ Chí Minh: Nguyễn XÍ, Bình Thạnh",Quản lý / Giám sát
Tester,CÔNG TY CỔ PHẦN CÔNG NGHỆ ALPHAWAY,- Hà Nội,Trưởng nhóm
Manual Tester,Công ty cổ phần PayPay,"- Hà Nội: 34 Nguyễn Khánh Toàn, Phường Quan Hoa, Cầu Giấy",Nhân viên
Manual Tester,CÔNG TY CỔ PHẦN DỊCH VỤ DI ĐỘNG THỂ HỆ MỚI (NMS),"- Hà Nội: Tòa nhà Mỹ Đình Plaza, 138 Trần Bình, Nam Từ Liêm",Trưởng nhóm
Net Developer,Tập Đoàn Novaon,- Hà Nội: Cầu Giấy,Nhân viên
Java Developer,Công ty cổ phần Sphinx,"- Hà Nội: Tầng 1, Tòa nhà HL, số 6/82 đường Duy Tân, phường Dịch Vọng Hậu, Cầu Giấy - Hà Nội: Đống Đa",Nhân viên
Fullstack Developer Java Reactjs,CÔNG TY TNHH SAMSUNG SDS VIỆT NAM,"- Hà Nội: Tòa PVI, Số 1 Phạm Văn Bạch, Yên Hòa, Cầu Giấy",Nhân viên
Fullstack Developer PHP Laravel,Công ty TNHH Lisod Việt Nam,"- Hà Nội: FLC FLC Landmark Tower Ngõ 60 P. Dương Khuê, Mỹ Đìn, Nam Từ Liêm",Nhân viên
Mobile Developer Android IOS,Công ty Cổ phần MISA,"- Hà Nội: N03T1, Khu Ngoại Giao Đoàn, Bắc Từ Liêm",Nhân viên
Nhân Viên Tester QC Tester,Công ty Cổ phần Công nghệ Tài chính Goline,"- Hà Nội: 78 Duy Tân, Cầu Giấy",Nhân viên
Fresher Quality Assurance QA,FPT Software,"- Hà Nội: FPT Tower - Số 10 Phạm Văn Bạch, Cầu Giấy - Hà Nội: Hòa Lạc (có xe đưa đón), Thạch Thất",Nhân viên
Chuyên Viên An Toàn Thông Tin,Công Ty Cổ Phần VCCorp - SohaGame,"- Hà Nội: 85 Vũ Trọng Phụng, Thanh Xuân, Thanh Xuân",Nhân viên
Trợ Lý Dự Án,Công ty cổ phần dịch vụ Viễn Thông Sô,"- Hà Nội: Tầng 3, Tháp B, Tòa nhà GreenPearl 378 Minh Khai, Vĩnh Tuy, Hai Bà Trưng",Nhân viên
Lập Trình Viên Android,EZTech & CDT Games Studio,"- Hà Nội: Iris Garden, Số 30 đường Trần Hữu Dực, P. Mỹ Đình 2, Nam Từ Liêm",Nhân viên
Kỹ Sư Hà Nội,CÔNG TY TNHH HANOI BIM CENTER,"- Hà Nội: Tầng 6, Toà nhà EuroWindow, số 27 đường Trần Duy Hưng, Phường Yên Hoà, Thành phố Hà Nội, Việt Nam, Cầu Giấy",Nhân viên
Full Stack Developer,CÔNG TY CỔ PHẦN ĐẦU TƯ TOÀN CẦU GIFT,"- Hồ Chí Minh: 110-112 Nguyễn Thị Nhung, Hiệp Bình Phước, Thủ Đức, Thủ Đức - Hà Nội: HD09-SP.BH-62 Vinhomes Ocean Park, Gia Lâm, Gia Lâm",Nhân viên
Kỹ Sư Hệ Thống Cloud Engineer,Công Ty Cổ Phần VCCorp,"- Hà Nội: Toà Center Building, 85 Vũ Trọng Phụng,, Thanh Xuân",Nhân viên
Engineer Kỹ Sư Lập Trình Nhúng,Công ty Cổ phần Công nghệ Pavana,"- Hà Nội: Tòa nhà The Vista, số 4, ngõ 15 Duy Tân, Cầu Giấy, Cầu Giấy",Nhân viên
Business Analyst BA Nhân Viên Phân Tích Nghiệp Vụ Chứng Khoán Quận 1 Cầu Giấy Hà Nội,CÔNG TY TNHH GROOO INTERNATIONAL,"- Hà Nội: Tầng 5, Tòa nhà IDMC Duy Tân, Số 21 Đường Duy Tân, Phường Cầu Giấy, Thành phố Hà Nội, Việt Nam, Cầu Giấy - Hồ Chí Minh: 3C Tôn Đức Thắng, phường Bến Nghé, Quận 1",Nhân viên
Devops Engineer,CÔNG TY CỔ PHẦN TƯ VẤN CÔNG NGHỆ NGS,"- Hà Nội: 6th Element Nguyễn Văn Huyên, KĐT Tây Hồ Tây, Tây Hồ - Hà Nội: 6th Element Nguyễn Văn Huyên, phường Nghĩa Đô, Cầu Giấy",Trưởng nhóm
Business Analyst,Công ty cổ phần Synodus,"- Hà Nội: 15th Floor CIC Tower, 2/219 Trung Kinh, Yen Hoa Ward, Cau Giay Distric, Cầu Giấy",Trưởng nhóm
Chuyên Viên Phát Triển Ứng Dụng Mobile Developer,CÔNG TY CỔ PHẦN CÔNG NGHỆ ALADIN,"- Hà Nội: Tầng 4, Tòa nhà Văn Phòng HH1 Meco Complex, Ng. 102 Trường Chinh, Phương Mai, Đống Đa",Nhân viên
,Công ty Cổ phần đầu tư Công Nghệ và Thương Mại Softdreams,"- Hà Nội: Nhà khách ATS, số 8 Phạm Hùng, Nam Từ Liêm, Nam Từ Liêm - Hà Nội: Cầu Giấy - Hà Nội: Thanh Xuân",Nhân viên
AI Engineer IT,ORBRO Inc.,- Hà Nội: Cầu Giấy,Nhân viên
Tech Lead NodeJS ReactJS,CÔNG TY TNHH SOFTFLEX LLC,"- Hà Nội: Epic Tower, ngõ 19 Duy Tan, Cầu Giấy",Nhân viên
Automation Tester Hà Nội,Công ty cổ phần Công nghệ thông tin Phú Minh (Phú Minh Teck),"- Hà Nội: Tòa Keangnam, Phạm Hùng, Nam Từ Liêm, Nam Từ Liêm",Nhân viên
System Admin Quản Trị Hệ Thống,Công Ty Truyền Thông Và Công Nghệ ICOMM Việt Nam,"- Hà Nội: 48 Tố Hữu, Nam Từ Liêm",Nhân viên
React Native,Công ty cổ phần Synodus,- Hồ Chí Minh - Hà Nội,Trưởng nhóm
Frontend Developer,CÔNG TY CỔ PHẦN ZTO LABS,"- Hà Nội: NIC Hanoi, Ngõ 7 Tôn Thất Thuyết, Dịch Vọng Hậu, Cầu Giấy, Cầu Giấy",Trưởng nhóm
Quản Trị Hệ Thống System Engineer DBA,Công ty Cổ phần Đầu tư Phát triển Công nghệ và Truyền thông,"- Hà Nội: Tầng 2, CT2 Tràng An Complex, số 1 Phùng Chí Kiên, Nghĩa Đô, Cầu Giấy, Cầu Giấy",Nhân viên
,Công ty Cổ phần Giải pháp Công nghệ TTC Việt Nam,- Hà Nội,Nhân viên
,CÔNG TY CỔ PHẦN OMINEXT,"- Hà Nội: Tầng 13, tòa nhà 789 số 147 Hoàng Quốc Việt, Cầu Giấy",Trưởng chi nhánh
Project Manager IT Hà Nội,CHI NHÁNH TẠI THÀNH PHỐ HÀ NỘI – CÔNG TY TNHH REERACOEN VIỆT NAM,- Hà Nội,Trưởng/Phó phòng
Test Engineer,Công ty Cổ phần Công nghệ KiotViet,"- Hà Nội: 1A Yết Kiêu - Phường Cửa Nam, Hoàn Kiếm",Nhân viên
Kỹ Sư Cầu Nối BrSE,Newwave Solutions JSC,"- Hà Nội: Tòa Mitec, Dương Đình Nghệ, Yên Hòa, Cầu Giấy, Cầu Giấy",Nhân viên
Manual Tester Kiểm Thử Phần Mềm,CÔNG TY CỔ PHẦN STRINGEE,"- Hà Nội: Tầng 17 VP 2, Tòa nhà Sunsquare, 21 Lê Đức Thọ, Nam Từ Liêm",Nhân viên
Product Owner,Viettel IDC,"- Hà Nội: 85 Vũ Trọng Phụng, Thanh Xuân, Thanh Xuân",Trưởng nhóm
Software Developer,Asilla Việt Nam,"- Hà Nội: ố 6 ngõ 82 Duy Tân - Dịch Vọng Hậu, Cầu Giấy",Nhân viên
Lập Trình Viên Backend NodeJS,CÔNG TY CỔ PHẦN HTN SOFTWARE,"- Hà Nội: Số 190C4 Nguyễn Cảnh Dị, phường Đại Kim, Hoàng Mai, Hoàng Mai",Trưởng nhóm
Java Backend,Công ty TNHH Dịch vụ công nghệ TP,"- Hà Nội: Tầng 2 tháp A, Toà nhà Rivera Park, 69 Vũ Trọng Phụng, P. Thanh Xuân Trung, Thanh Xuân",Nhân viên
Java Backend Techlead Chứng Khoán,CÔNG TY TNHH CHARTERTECH GLOBAL,"- Hà Nội: 265 Cầu Giấy, Cầu Giấy",Trưởng nhóm
Lập Trình Viên,CÔNG TY CỔ PHẦN PHẦN MỀM THĂNG LONG,"- Hà Nội: Tòa Diamond Flower, 48 Lê Văn Lương, Thanh Xuân",Nhân viên
Reactjs Developer,CÔNG TY CỔ PHẦN DỊCH VỤ DI ĐỘNG THỂ HỆ MỚI (NMS),"- Hà Nội: Toà nhà Mỹ Đình Plaza, 138 Trần Bình, Nam Từ Liêm",Trưởng nhóm
IT Project Manager,CÔNG TY TNHH TIMIND,"- Hà Nội: Tòa FAFIM A, 19 Nguyễn Trãi, Thanh Xuân",Quản lý / Giám sát
Project Manager,CÔNG TY CỔ PHẦN TRUYỀN THÔNG VĂN HOÁ VIỆT,"- Hà Nội: Tầng 3, Tòa Tháp Đông, Chung cư Học viện Quốc Phòng, Xuân La, Tây Hồ",Nhân viên
Lập Trình Viên Back-End,CÔNG TY CỔ PHẦN FIVE-STAR E-LEARNING,"- Hà Nội: 35 Lạc Trung, Hai Bà Trưng",Trưởng nhóm
Trưởng Nhóm,Công ty Cổ phần Tập đoàn Meey Land,"- Hà Nội: 97-99 Láng Hạ, Đống Đa",Trưởng nhóm
Frontend Developer,Công Ty TNHH Townsoft Vina,"- Hà Nội: Số 3 - A24 Ngõ 385 Hoàng Quốc Việt, Phường Nghĩa Tân, Cầu Giấy",Nhân viên
Tester,BSS Group,"- Hà Nội: Toà Viwaseen, 48 Tố Hữu, Nam Từ Liêm, Nam Từ Liêm",Nhân viên
Chuyên Viên Vận Hành Hệ Thống,CÔNG TY TNHH MỘT THÀNH VIÊN CÔNG NGHỆ VÀ THƯƠNG MẠI WIINVENT,"- Hà Nội: 96 Hoàng Ngân, Cầu Giấy",Nhân viên
Kỹ Sư,TẬP ĐOÀN CÔNG NGHIỆP - VIỄN THÔNG QUÂN ĐỘI,"- Hà Nội: Tòa nhà Epic, ngõ 19 Duy Tân, Cầu Giấy",Nhân viên
Full-Stack Developer,BSS Group,"- Hà Nội: Toà Viwaseen, 48 Tố Hữu, Nam Từ Liêm",Nhân viên
Quản Lý Dự Án,Công Ty Tài Chính Tổng hợp Cổ Phần Tín Việt,"- Hà Nội: 98 Hoàng Quốc Việt, Cầu Giấy",Trưởng nhóm
IT Comtor Tiếng Nhật,Công TY TNHH FLINTERS Việt Nam,"- Hà Nội: Discovery Complex, 302 Cầu Giấy, Dịch Vọng, Cầu Giấy, Cầu Giấy",Nhân viên
Ads,Zitga studios,"- Hà Nội: Tòa nhà Toyota Thanh Xuân, số 315 Trường Chinh, Thanh Xuân",Trưởng nhóm
Developer,CÔNG TY TNHH ZINZA TECHNOLOGY,"- Hà Nội: Toà nhà Hoàng Ngọc, Ngõ 82 Dịch Vọng Hậu, Cầu Giấy",Nhân viên
DevOps Engineer,Công ty Cổ phần Công Nghệ Var Meta,"- Hà Nội: 63 Lê Văn Lương, Trung Hòa, Cầu Giấy",Nhân viên
Kỹ Sư Mạng,TỔNG CÔNG TY CÔNG NGHỆ - VIỄN THÔNG TOÀN CẦU,"- Hà Nội: 103 Nguyễn Tuân, Thanh Xuân",Nhân viên
Lập Trình Viên Java,Công ty Cổ phần Truyền thông VMG,"- Hà Nội: Tầng 6, Toà Peakview, 36 Hoàng Cầu, Đống Đa",Nhân viên
PQA Process Quality Assurance,CÔNG TY TNHH MỘT THÀNH VIÊN AN NINH MẠNG VIETTEL,"- Hà Nội: Keangnam Landmark 72, Phạm Hùng, Từ Liêm",Nhân viên
Engineer Dự Án Hà Nội,Công ty Cổ phần AVPlus,- Hà Nội,Nhân viên
Kỹ Sư Phát Triển Phần Mềm,TẬP ĐOÀN CÔNG NGHIỆP - VIỄN THÔNG QUÂN ĐỘI,"- Hà Nội: Tòa nhà Viettel Networks, ngõ 19 Duy Tân, Cầu Giấy",Nhân viên
Chuyên Viên Phân Tích Nghiệp Vụ Business Analyst,CÔNG TY CỔ PHẦN GIẢI PHÁP CÔNG NGHỆ NEWWAY,"- Hà Nội: Tầng 4, Số 74 Hồ Đền Lừ, Phường Tương Mai, Hoàng Mai",Nhân viên
Lập Trình Viên Fresher Tiếng Nhật,CÔNG TY TNHH KỸ SƯ CÔNG NGHỆ CAO VN,"- Hà Nội: 48 Tố Hữu, Nam Từ Liêm, Trung Văn, Từ Liêm",Nhân viên
Product Owner,CÔNG TY TNHH VETC DIGITAL,"- Hà Nội: Tasco Building, HH2-2, Phạm Hùng, Nam Từ Liêm",Nhân viên
Kỹ Sư Quản Lý Chất Lượng Dịch Vụ,Viettel Digital,"- Hà Nội: Keangnam Landmark 72, Nam Từ Liêm",Nhân viên
Embedded Engineer,FPT Software,"- Hồ Chí Minh: F-Town 3, 3 Võ Chí Công, Phường Long Thạnh Mỹ Ho Chi Minh City, Vietnam, Thủ Đức - Hà Nội: Tòa nhà FPT Cầu Giấy, phố Duy Tân, phường Cầu Giấy, Thành phố Hà Nội, Việt Nam, Cầu Giấy - Đà Nẵng: Tòa nhà FPT Complex, đường Nam Kỳ Khởi Nghĩa, phường Ngũ Hành Sơn, Thành phố Đà Nẵng, Việt Nam, Ngũ Hành Sơn",Nhân viên
Data Engineer,Tập đoàn FPT,"- Hà Nội: Toà FPT, số 10 Phạm Văn Bạch, Cầu Giấy",Trưởng nhóm
Business Analyst Product Analyst,CÔNG TY TNHH MỘT THÀNH VIÊN AN NINH MẠNG VIETTEL,"- Hà Nội: Keangnam Landmark 72, Phạm Hùng, Từ Liêm",Nhân viên
Python Developer,CÔNG TY CỔ PHẦN CÔNG NGHỆ ALPHAWAY,"- Hà Nội: 44 Lê Ngọc Hân, Hai Bà Trưng, Hai Bà Trưng",Trưởng nhóm
Java Software Engineer,CÔNG TY CỔ PHẦN TƯ VẤN CÔNG NGHỆ NGS,"- Hà Nội: 6th Element Nguyễn Văn Huyên, Tây Hồ, Tây Hồ",Trưởng nhóm
Data Scientist,Công ty CP Giải pháp Thanh toán Việt Nam (VNPAY),"- Hà Nội: 22 Láng Hạ, Phường Láng, Đống Đa",Nhân viên
Java Spring,CÔNG TY CỔ PHẦN TINASOFT VIỆT NAM,"- Hà Nội: Trần Hữu Dực, Nam Từ Liêm - Hà Nội: 110 trần p, Hà Đông",Nhân viên
Lập Trình Viên Web,Công ty Cổ phần MISA,"- Hà Nội: Tòa N03T1 Ngoại Giao Đoàn, Xuân Tảo, Bắc Từ Liêm - Hà Nội: Tòa Technosoft, ngõ 17, phố Duy Tân, Cầu Giấy",Nhân viên
Senior Java Developer Dự Án Chứng Khoán Cầu Giấy Hà Nội,CÔNG TY TNHH GROOO INTERNATIONAL,"- Hà Nội: Tầng 5, Tòa nhà IDMC Duy Tân, Số 21 Đường Duy Tân, Phường Cầu Giấy, Thành phố Hà Nội, Việt Nam, Cầu Giấy",Nhân viên
Nhân Viên Giám Sát,Công ty Cổ phần Tập đoàn ASG,"- Hà Nội: Khu Dịch vụ Logistics, Cảng HKQT Nội Bài, Sóc Sơn",Nhân viên
Senior JAVA Developer,CÔNG TY TNHH KỸ SƯ CÔNG NGHỆ CAO VN,"- Hà Nội: 48 Tố Hữu, Trung Văn, Nam Từ Liêm",Nhân viên
Java Developer,Alphaway Technology,- Hà Nội: Đống Đa - Hà Nội: Hai Bà Trưng,Trưởng nhóm
Scrum Master,Công Ty Cổ Phần Aggregatori Capaci,"- Hà Nội: 5BT2, khu đô thị Mễ Trì Hạ, Mễ Trì, Bắc Từ Liêm",Nhân viên
Nhân Viên Triển Khai Phần Mềm,Công ty CP Công nghệ Cyber Eye,"- Hà Nội: Tầng 3 - Tòa nhà Detech - Số 8 Đường Tôn Thất Thuyết - Mỹ Đình 2, Nam Từ Liêm",Nhân viên
Thực Tập Sinh,CÔNG TY CỔ PHẦN CÔNG NGHỆ AN NINH MẠNG QUỐC GIA VIỆT NAM,"- Hà Nội: CT2 Tràng An Complex, Số 1 Phùng Chí Kiên, Nghĩa Đô, Cầu Giấy, Cầu Giấy - Hưng Yên",Thực tập sinh
Kỹ Sư Phần Mềm,Công ty Cổ phần Tập đoàn OSB,"- Hà Nội: Tầng 6 tòa Detech Tower - Số 8, Tôn Thất Thuyết, Mỹ Đình 2, Nam Từ Liêm",Nhân viên
IT Comtor,CÔNG TY CỔ PHẦN CÔNG NGHỆ AMELA VIỆT NAM,"- Hà Nội: Tháp A Keangnam, Nam Từ Liêm",Nhân viên
DevOps Engineer,CÔNG TY CỔ PHẦN CÔNG NGHỆ TECHLAB,"- Hà Nội: Tòa Tây Hà Tower, 19 Tố Hữu, Nam Từ Liêm",Nhân viên
Engineer,Công ty Cổ phần Công nghệ và Tư vấn CIC,"- Hà Nội: 37 Lê Đại Hành, P. Lê Đại Hành, Hai Bà Trưng",Nhân viên
2D GAME ARTIST,XIPAT FLEXIBLE SOLUTIONS COMPANY LIMITED,"- Hà Nội: Tầng 8 Tòa nhà Hoa Cương, số 18 ngõ 11 Thái Hà, Trung Liệt, Đống Đa",Nhân viên
Database Administrator,Công ty TNHH Giải pháp Phân tích dữ liệu Insight Data,- Hà Nội: Cầu Giấy,Trưởng nhóm
Lập Trình Viên .NET Fullstack,CÔNG TY CỔ PHẦN CÔNG NGHỆ SANDBOXVN,"- Hà Nội: TÒA SKYLAND, N03 TRUNG YÊN 9, TRUNG HÒA, CẦU GIẤY, Cầu Giấy",Nhân viên
Business Analyst,Công ty Cổ phần MISA,"- Hà Nội: Tòa nhà Technosoft, ngõ 15 phố Duy Tân, Cầu Giấy - Hà Nội: Tòa N03T1 Ngoại Giao Đoàn- Xuân Tảo, Bắc Từ Liêm",Nhân viên
Account Manager IT,CÔNG TY CỔ PHẦN VSI,"- Hà Nội: Tòa AC Building, số 3 ngõ 78 Phố Duy Tân, Dịch Vọng Hậu, Cầu Giấy, Cầu Giấy",Nhân viên
Devops,Công ty CP Khoa học Dữ liệu,"- Hà Nội: Tầng 4, toà HH2 Yên Hoà, đường Dương Đình Nghệ, Cầu Giấy",Nhân viên
IT,Công ty CP Kinh doanh F88,"- Hà Nội: Số 5 Nguyễn Thị Duệ, Phường Yên Hòa, Cầu Giấy",Trưởng nhóm
Kiểm Thử Penetration Tester,CÔNG TY TNHH MỘT THÀNH VIÊN AN NINH MẠNG VIETTEL,"- Hà Nội: Keangnam Landmark 72, Phạm Hùng, Từ Liêm - Hồ Chí Minh: Viettel Building, 285 CMT8, p12, Quận 10",Nhân viên
Product Manager,CÔNG TY CỔ PHẦN DATAVN,- Hà Nội: Cầu Giấy,Quản lý / Giám sát
,CÔNG TY CỔ PHẦN CÔNG NGHỆ TÀI CHÍNH FINHUB,"- Hà Nội: Trung tâm đổi mới sáng tạo quốc gia, tòa NIC, số 6, ngõ 7 Tôn Thất Thuyết, Dịch Vọng, Cầu Giấy, Cầu Giấy",Trưởng nhóm
Nhân Viên Tester,CÔNG TY CỔ PHẦN TINASOFT VIỆT NAM,"- Hà Nội: 110 Trần Phú - Hà Đông, Thanh Xuân",Trưởng nhóm
Editor,Công ty TNHH D.Ragoon,"- Hà Nội: Tầng 7, Tòa D29 Phạm Văn Bạch, Cầu Giấy",Nhân viên
DevOps Engineer,Công ty Cổ phần Công nghệ KiotViet,"- Hà Nội: 1A Yết Kiêu - Phường Cửa Nam, Hoàn Kiếm",Nhân viên
Cộng Tác Viên Game Design,Công ty Cổ phần Falcon Technology,"- Hà Nội: Tòa nhà Rivera Park, 69 Đ. Vũ Trọng Phụng, Thanh Xuân",Thực tập sinh
2D Artist Game,CÔNG TY CỔ PHẦN TẬP ĐOÀN WEE,"- Hà Nội: Số 99 Trần Bình - Mỹ Đình 2 - Nam Từ Liêm, Nam Từ Liêm",Nhân viên
Chuyên Viên Phân Tích Nghiệp Vụ Business Analyst ERP,Công ty Cổ phần Đầu Tư K&G Việt Nam,"- Hà Nội: Tòa nhà sông Đà, Phạm Hùng, Nam Từ Liêm",Nhân viên
Thực Tập Sinh,Công ty TNHH Phần mềm DTS Việt Nam,"- Hà Nội: Đội Cấn, Ba Đình",Thực tập sinh
,Công ty CP FINT Việt Nam,"- Hà Nội: Toà nhà D'office, 28 Thành Thái, Dịch Vọng Hậu, Cầu Giấy",Nhân viên
Business Analyst BA,CÔNG TY CỔ PHẦN STRINGEE,"- Hà Nội: Tầng 17 VP 2, Tòa nhà Sunsquare, 21 Lê Đức Thọ, Nam Từ Liêm",Nhân viên
Fullstack Java,Công ty cổ phần Synodus,- Hà Nội: Nam Từ Liêm,Nhân viên
Thực Tập Sinh,Công ty cổ phần công nghệ Isofh,"- Hà Nội: số 35 Nguyễn Đình Chiểu- Hai Bà Trưng, Hai Bà Trưng",Thực tập sinh
Unity Developer,CÔNG TY TNHH HAPIGA VIỆT NAM,"- Hà Nội: Tòa VOV Mễ Trì, Nam Từ Liêm, Nam Từ Liêm",Nhân viên
Data Scientist,CÔNG TY CỔ PHẦN CYPHER AI LABS,"- Hà Nội: The Legend Tower, 109 Nguyen Tuan, Thanh Xuân",Nhân viên
Tech Lead,CÔNG TY TNHH MỘT THÀNH VIÊN AN NINH MẠNG VIETTEL,"- Hà Nội: Keangnam Landmark 72, Phạm Hùng, Từ Liêm",Nhân viên
Lập Trình Viên Nodejs,Công ty cổ phần giải pháp MKT,"- Hà Nội: Tầng 4, tòa nhà Stellar Garden số 35 Lê Văn Thiêm, Nhân Chín Hà Nộ, Thanh Xuân",Nhân viên
Fullstack Developer PHP Reactjs,CÔNG TY TNHH MUMESOFT INNOVATION,"- Hà Nội: Tầng 6, số 12 Mễ Trì Hạ, phường Mễ Trì, Nam Từ Liêm",Trưởng nhóm
Chuyên Viên Lập Trình Kotlin Android,Công ty Cổ phần Tập đoàn Meey Land,"- Hà Nội: 97-99 Láng Hạ, Đống Đa",Trưởng nhóm
,CÔNG TY CỔ PHẦN TINASOFT VIỆT NAM,"- Hà Nội: 110 Trần Phú - Hà Đông, Thanh Xuân",Trưởng nhóm
Lập Trình Viên Backend Python,CÔNG TY CỔ PHẦN CÔNG NGHỆ FOXAI,"- Hà Nội: Tòa nhà N03-T3, Khu Ngoại Giao Đoàn, Phường Xuân Tảo, Bắc Từ Liêm",Nhân viên
Quản Lý Dự Án,Công ty TNHH Horus Productions,"- Hà Nội: tòa CT2D - VOV - Mễ Trì, Nam Từ Liêm",Quản lý / Giám sát
Business Analyst,CÔNG TY CỔ PHẦN JARVIS GLOBAL,"- Hà Nội: Trung Hoà, Cầu Giấy, Cầu Giấy",Nhân viên
Java Developer Bank,Công ty TNHH Giải pháp Phân tích dữ liệu Insight Data,"- Hà Nội: 19-21 Vũ Trọng Phụng, Thanh Xuân, Thanh Xuân",Trưởng nhóm
Java Developer Backend Dự Án Banking,Công ty Cổ phần Tập đoàn Công nghệ Thiên Hoàng,"- Hà Nội: Tầng 22 tòa nhà Viwaseen, số 48 Tố Hữu, Trung Văn, Nam Từ Liêm, Nam Từ Liêm",Trưởng nhóm
Lập Trình Viên PHP Laravel,CÔNG TY CỔ PHẦN GIẢI PHÁP CÔNG NGHỆ NEWWAY,"- Hà Nội: Số 74 Hồ Đền Lừ, Phường Hoàng Văn Thụ, Hoàng Mai, Hoàng Mai",Nhân viên
,Công ty Cổ phần Tập đoàn Meey Land,"- Hà Nội: 97-99 Láng Hạ, Đống Đa",Trưởng nhóm
AI Engineer,Công ty TNHH TeenUp,"- Hà Nội: Số 29, ngõ 121 Thái Hà, phường Trung Liệt, Đống Đa",Trưởng nhóm
AI Engineer Kỹ Sư AI,CÔNG TY CỔ PHẦN EVERSTAR GLOBAL,"- Hà Nội: Tầng 15, tòa nhà văn phòng Discovery Complex, 302 Cầu Giấy, P.Dịch Vọng Hậu, Cầu Giấy",Nhân viên
Back End Developer Python,công ty cổ phần Data Impact,"- Hà Nội: Tầng 11 tòa nhà Hồ Gươm Plaza đường Trần Phú, Hà Đông",Nhân viên
Front-End Software Engineer ReactJS,Công Ty Cổ Phần Aggregatori Capaci,"- Hà Nội: 5BT2, khu đô thị Mễ Trì Hạ, Mễ Trì, Nam Từ Liêm",Nhân viên
,"VIỆN TÀI NGUYÊN, MÔI TRƯỜNG VÀ PHÁT TRIỂN BỀN VỮNG",- Hà Nội: Hai Bà Trưng,Nhân viên
Game Designer,Công ty Cổ phần Gapu,- Hà Nội,Trưởng nhóm
IT Support Tiếng Anh,CÔNG TY TNHH PHÁT TRIỂN CÔNG NGHỆ LAYOUTHUB,"- Hà Nội: Tầng 6, số 68 Khúc Thừa Dụ, Dịch Vọng, Cầu Giấy",Nhân viên
Project Manager,Cty TNHH Thundersoft Việt Nam,"- Hà Nội: W1 Vinhomes West Point, Đỗ Đức Dục, Từ Liêm, Từ Liêm",Trưởng nhóm
Business Analyst Phân Tích Nghiệp Vụ,CÔNG TY CỔ PHẦN TINASOFT VIỆT NAM,"- Hà Nội: Trần Hữu Dực, Nam Từ Liêm - Hà Nội: Dịch Vọng Hậu, Cầu Giấy - Hà Nội: 89 Láng Hạ, Đống Đa",Nhân viên
Chuyên Viên Phân Tích Nghiệp Vụ Business Analyst,CÔNG TY TNHH CÔNG NGHỆ EZCLOUD TOÀN CẦU,"- Hà Nội: Tầng 8, tòa nhà Ladeco, số 266 Đội Cấn, Ba Đình",Nhân viên
Quản Trị Dự Án IT Project Management,CÔNG TY CỔ PHẦN VSI,"- Hà Nội: Tòa AC Building, số 3 ngõ 78 Phố Duy Tân, Dịch Vọng Hậu, Cầu Giấy, Cầu Giấy",Nhân viên
Quality Control,Công ty Cổ phần GEM,"- Hà Nội: Tòa The Nine, số 9 Phạm Văn Đồng, Mai Dịch, Cầu Giấy",Nhân viên
Flutter Developer,Braly JSC,"- Hà Nội: Tầng 4 Tòa Garden Hill, số 99 Trần Bình, Nam Từ Liêm",Nhân viên
,Công Ty TNHH Du Lịch F5 Việt Nam,"- Hà Nội: Lô số 8, Tầng 5, Tháp B, Tòa nhà D2 Giảng Võ, P. Giảng Võ, Ba Đình",Nhân viên
Java Developer,Công ty cổ phần phần mềm ITSOL Holdings,"- Hà Nội: 15 Duy Tân, Dịch Vọng Hậu, Cầu Giấy, Cầu Giấy",Nhân viên
Backend Developer,SonatGame Studio,"- Hà Nội: Tầng 10 - Tòa The West - 265 Cầu Giấy, Cầu Giấy",Nhân viên
Python Developer Python Hà Nội,Công Ty TNHH LG CNS VIỆT NAM,"- Hà Nội: Tầng 15, Keangnam Landmark 72, Nam Từ Liêm",Nhân viên
Chuyên Viên IT IT Support/Help Desk,CÔNG TY CỔ PHẦN TẬP ĐOÀN MUTOSI,"- Hà Nội: Tầng 2, Tòa BeaSky, Phạm Tu, Hoàng Mai, Hoàng Mai",Nhân viên
System Admin,SVTECH,"- Hà Nội: 82 Duy Tân, Cầu Giấy",Nhân viên
,CÔNG TY CỔ PHẦN FIVE-STAR E-LEARNING,"- Hà Nội: 35 Lạc Trung, Hai Bà Trưng",Trưởng nhóm
Tester Android Hà Nội,CÔNG TY CỔ PHẦN ĐẦU TƯ AHV HOLDING,- Hà Nội: Thanh Xuân,Nhân viên
Senior Developer,CÔNG TY CỔ PHẦN AZ GLOBAL CORP,"- Hà Nội: Tầng 3, tòa nhà FLC Landmark Tower, đường Lê Đức Thọ, phường Mỹ Đình 2, Nam Từ Liêm",Nhân viên
Engineer,FPT Software,"- Hà Nội: Tòa nhà FPT Cầu Giấy, phố Duy Tân, phường Cầu Giấy, Thành phố Hà Nội, Việt Nam, Cầu Giấy",Nhân viên
,2NF Software,"- Hà Nội: Tòa 3A ngõ 82 Duy Tân, Cầu Giấy",Nhân viên
Project Manager,FPT Smart Cloud (FCI),"- Hồ Chí Minh: tòa PJICO, 186 Điện Biên Phủ, Quận 3 - Hà Nội: Tòa FPT Tower, số 10, Phạm Văn Bạch, Cầu Giấy",Trưởng/Phó phòng
System Engineer,CÔNG TY CỔ PHẦN CÔNG NGHỆ TRUYỀN THÔNG DTS,"- Hà Nội: Tòa nhà Sao Bắc, số 4 Dã Tượng, P. Cửa Nam, Hoàn Kiếm",Nhân viên
Quản Lý Dự Án Project Management,CÔNG TY CỔ PHẦN TRUYỀN THÔNG VÀ MARKETING VCENMEDIA,"- Hà Nội: Địa chỉ làm việc: Số 21, Đường 800A, Nghĩa Đô,, Cầu Giấy",Quản lý / Giám sát
DevOps Engineer,CÔNG TY CỔ PHẦN ĐẦU TƯ VÀ CÔNG NGHỆ BAVAAN,"- Hà Nội: Căn TT03 – 36, Khu đô thị MonCity, Nam Từ Liêm",Nhân viên
Software Tester,CÔNG TY CỔ PHẦN ĐẦU TƯ VÀ CÔNG NGHỆ SOLID,"- Hà Nội: Duy Tân, Cầu Giấy",Nhân viên
Nhân Viên Vận Hành Hệ Thống Operation Executive,Công Ty TNHH Bảo Hiểm Tasco,"- Hà Nội: Tòa nhà Tasco, Lô HH2-2 đường Mỹ Đình, Từ Liêm",Nhân viên
Frontend Developer,Công ty Cổ phần Chứng khoán An Bình,"- Hà Nội: Tầng 16, tòa nhà Geleximco, 36 Hoàng Cầu, Ô Chợ Dừa, Đống Đa",Trưởng nhóm
Chuyên Viên Kiểm Thử Manual Tester,CÔNG TY CỔ PHẦN CÔNG NGHỆ ALPHAWAY,- Hà Nội: Hai Bà Trưng - Hà Nội: Cầu Giấy - Hà Nội: Ba Đình,Trưởng nhóm
Chuyên Viên Lập Trình Java Developer,CÔNG TY CỔ PHẦN CÔNG NGHỆ SICIX,"- Hà Nội: Tháp Tây, Chung cư học viện Quốc Phòng, Nghĩa Đô, Tây Hồ",Trưởng nhóm
Business Analyst Ba,Cty TNHH Tư vấn GaneshAID,"- Hà Nội: Số 143 Đốc Ngữ, Ba Đình, Ba Đình",Nhân viên
Thực Tập Sinh Kiểm Thử,CÔNG TY CỔ PHẦN ORENDA,"- Hà Nội: 25 Tô Vĩnh Diện, Khương Trung, Thanh Xuân",Thực tập sinh
BrSE,Viettel Software,"- Hà Nội: Tòa nhà Viettel Software, 36A Dịch Vọng Hậu, Cầu Giấy",Trưởng nhóm
,Công Ty Cổ Phần VCCorp,"- Hà Nội: Toà Center Building, 85 Vũ Trọng Phụng,, Thanh Xuân",Nhân viên
Golang Developer,Công ty Cổ phần Công nghệ KiotViet,"- Hà Nội: 1A Yết Kiêu - Phường Cửa Nam, Hoàn Kiếm",Nhân viên
Lập Trình Frontend,CÔNG TY CỔ PHẦN CÔNG NGHỆ FOXAI,"- Hà Nội: Tầng 3 Tòa nhà N03-T3, Khu Ngoại Giao Đoàn, Phường Xuân Đỉnh, Bắc Từ Liêm",Nhân viên
Lập Trình Viên Java Fullstack Đi Làm Ngay,Công ty cổ phần phần mềm REVOTECH,"- Hà Nội: Tòa CTM Complex, số 139 đường Cầu giấy, Cầu Giấy",Nhân viên
Product Owner Fresher,XIPAT FLEXIBLE SOLUTIONS COMPANY LIMITED,"- Hà Nội: Tầng 8 Tòa nhà Hoa Cương, số 18 ngõ 11 Thái Hà, Trung Liệt, Đống Đa",Nhân viên
Quản Trị Vận Hành,CÔNG TY CỔ PHẦN VIỆN MẮT QUỐC TẾ VIỆT - NGA,"- Hà Nội: Tầng 7, tòa Hancorp Tháp tây khu Văn phòng, Dịch Vọng, Cầu Giấy, Cầu Giấy",Nhân viên
Manual Tester Ba Hà Nội,Công ty cổ phần Công nghệ Sapo,"- Hà Nội: Tầng 6, Tòa Ladeco 266 Đội Cấn, Ba Đình",Nhân viên
Frontend Developer ReactJs VueJs,Eastgate Software JSC,"- Hà Nội: Tầng 11, VCCI Tower, 09 Đào Duy Anh, Đống Đa",Nhân viên
Game Developer,CÔNG TY CỔ PHẦN SMARTSCALE,"- Hà Nội: ầng 27 tòa nhà Ellipse , Trần Phú, Hà Đông",Nhân viên
Project Manager,CÔNG TY CỔ PHẦN MỸ PHẨM QUỐC TẾ THÙY DUNG,"- Hà Nội: Tòa nhà Discovery Complex – 302 Đường Cầu Giấy, Phường Dịch Vọng, Cầu Giấy",Trưởng nhóm
Software Tester,CÔNG TY CỔ PHẦN ZTO LABS,"- Hà Nội: NIC Hanoi, Ngõ 7 Tôn Thất Thuyết, Dịch Vọng Hậu, Cầu Giấy, Cầu Giấy",Trưởng nhóm
,"VIỆN TÀI NGUYÊN, MÔI TRƯỜNG VÀ PHÁT TRIỂN BỀN VỮNG",- Hà Nội: Hai Bà Trưng,Trưởng nhóm
Kỹ Sư Vận Hành,Viettel Software,"- Hà Nội: 36a Dịch Vọng Hậu, Cầu Giấy, Cầu Giấy",Nhân viên
Security Engineer,CÔNG TY CỔ PHẦN ĐẦU TƯ PHÁT TRIỂN SKY CORPORATION,"- Hà Nội: Trần Duy Hưng, Cầu Giấy",Nhân viên
Manual Tester,CÔNG TY CỔ PHẦN TINASOFT VIỆT NAM,"- Hà Nội: Trần Hữu Dực, Nam Từ Liêm - Hà Nội: Lạc Long Quân, Bắc Từ Liêm - Hà Nội: Dịch Vọng Hậu, Cầu Giấy - Hà Nội: 89 Láng Hạ, Đống Đa - Hồ Chí Minh: Tháp 3A1, số 3A-3B Tôn Đức Thắng, phường Bến Nghé, Quận 1 ...và 2 địa điểm khác Thu gọn",Nhân viên
IT Comtor Tiếng Nhật Cầu Giấy Hà Nội,CÔNG TY CỔ PHẦN CÔNG NGHỆ EKOTEK,"- Hà Nội: Ekotek Technology Office, Floor 4, CIC Tower, Nguyen Thi Due Street, Yen Hoa, Cầu Giấy",Nhân viên
IT,Công ty CP Kinh doanh F88,"- Hà Nội: Số 5 Nguyễn Thị Duệ, Phường Yên Hòa, Cầu Giấy",Trưởng nhóm
Nhân Viên Triển Khai Phần Mềm Chăm Sóc Khách Hàng,CÔNG TY TNHH CÔNG NGHỆ SIMPLE,"- Hà Nội: Lô 05 tầng 2A tòa 27A3 khu chung cư Green Star 232 Phạm Văn Đồng, Bắc Từ Liêm",Nhân viên
Java Engineer,Khối Công nghệ thông tin - Viettel Telecom,"- Hà Nội: Tầng 42 + 43, tòa nhà Keangnam Landmark 72 Phạm Hùng, Nam Từ Liêm",Nhân viên
Java Developer,"TECHVIFY SOFTWARE., JSC","- Hà Nội: HUD Tower 37 Lê Văn Lương, Nhân Chín, Thanh Xuân",Trưởng nhóm
Analyst,Công ty Cổ phần Hệ thống Công nghệ ETC,"- Hà Nội: Tòa 319 Bộ Quốc Phòng, 63 Lê Văn Lương, Cầu Giấy, Cầu Giấy",Nhân viên
Java Developer Banking,CÔNG TY CỔ PHẦN SMARTOSC,"- Hà Nội: Handico Tower, Phạm Hùng, Nam Từ Liêm",Nhân viên
Developer,Công ty Cổ phần Tập đoàn Karofi,"- Hà Nội: Số 9A, Thanh Trì, Thanh Trì",Nhân viên
Thực Tập Sinh Quản Trị Hệ Thống,CÔNG TY CỔ PHẦN ĐẦU TƯ VÀ THƯƠNG MẠI QUỐC TẾ ICOM,"- Hà Nội: ICOM Building, Số 17/93 Trần Thái Tông, Dịch Vọng, Cầu Giấy",Thực tập sinh
Engineer,Công ty CP Chứng khoán SSI,"- Hà Nội: Số 1 Lương Yên, Hai Bà Trưng, Hai Bà Trưng",Nhân viên
Lập Trình Viên Mobile Developer React Native Từ Liêm,Công Ty Cổ Phần Edulive Toàn Cầu,"- Hà Nội: Khu Ngoại Giao Đoàn, Xuân Đỉnh, Bắc Từ Liêm",Nhân viên
AI Engineer,Công ty CP Giải pháp Thanh toán Việt Nam (VNPAY),"- Hà Nội: 22 Láng Hạ, Phường Láng, Đống Đa",Nhân viên
QC,CÔNG TY CỔ PHẦN CÔNG NGHỆ TECHLAB,"- Hà Nội: Tây Hà Tower, 19 Tố Hữu, Nam Từ Liêm",Nhân viên
IT Team Leader,CÔNG TY CỔ PHẦN INSMART,"- Hà Nội: Số 1 Phạm Huy Thông, Ngọc Khán, Ba Đình",Trưởng nhóm
Front End Developer,CÔNG TY TNHH TRUYỀN THÔNG SKY ADS VIỆT NAM,"- Hà Nội: 58 Tố Hữu, Nam Từ Liêm",Nhân viên
Database Administrator MySQL,Viettel Digital,"- Hà Nội: Tòa Keangnam, Phạm Hùng, Nam Từ Liêm",Nhân viên
Chuyên Viên Phân Tích BA,CÔNG TY CỔ PHẦN ĐẦU TƯ GIÁO DỤC VÀ PHÁT TRIỂN CÔNG NGHỆ QUỐC TẾ LANGMASTER,"- Hà Nội: 201 Cầu Giấy, Cầu Giấy",Nhân viên
Lập Trình Viên Backend,CÔNG TY CỔ PHẦN CÔNG NGHỆ FOXAI,"- Hà Nội: Tòa N03-T3, Khu Ngoại Giao Đoàn, Phường Xuân Tảo, Bắc Từ Liêm",Nhân viên
Quản Trị Hệ Thống,CÔNG TY TNHH KHÓA HUY HOÀNG,"- Hà Nội: Nhà máy 3: Lô 41D - KCN Quang Minh, Mê Linh",Nhân viên
Kỹ Sư Engineer,CÔNG TY TNHH CÔNG NGHỆ HỒNG CƠ,"- Hà Nội: Số B16-09 Khu đô thị Vinhomes Gardenia, Đường Hàm Nghi, Phường Từ Liêm, Nam Từ Liêm - Hồ Chí Minh: Số 124 Huỳnh Tấn Phát, Phường Tân Thuận, Quận 7",Nhân viên
PHP,Công ty cổ phần BEE TECH ASIA,"- Hà Nội: Tầng 4, TTTM Hà Thành, 102 Thái Thịnh, Trung Liêt, Đống Đa, Đống Đa",Nhân viên
System Admin,CÔNG TY CỔ PHẦN CÔNG NGHỆ AN NINH MẠNG QUỐC GIA VIỆT NAM,"- Hà Nội: CT2 Tràng An Complex, Số 1 Phùng Chí Kiên, Nghĩa Đô, Cầu Giấy, Cầu Giấy - Hưng Yên",Nhân viên
Product Owner PO,CÔNG TY TNHH NEO TALENT,"- Hà Nội: Nguyễn Hoàng, Bắc Từ Liêm",Trưởng nhóm
Quản Trị Mạng ADMIN,Công ty cổ phần phần mềm DTH,"- Hà Nội: Tòa nhà Hancorp, 72 Trần Đăng Ninh, Cầu Giấy",Nhân viên
Tester Manual,CÔNG TY CỔ PHẦN DỊCH VỤ DI ĐỘNG THỂ HỆ MỚI (NMS),"- Hà Nội: Tòa nhà Mỹ Đình Plaza, 138 Trần Bình, Nam Từ Liêm",Trưởng nhóm
Lập Trình Viên Front-End,CÔNG TY TNHH NEO TALENT,"- Hà Nội: 18 Tuệ Tĩnh, Hai Bà Trưng",Trưởng nhóm
Analyst,CÔNG TY TNHH MỘT THÀNH VIÊN AN NINH MẠNG VIETTEL,"- Hà Nội: Keangnam Landmark 72, Phạm Hùng, Từ Liêm - Hồ Chí Minh: Viettel Building, 285 CMT8, Quận 10",Nhân viên
Java Developer,Công ty cổ phần Ecoit,"- Hà Nội: 143 Nguyễn Tuân, Thanh Xuân, Thanh Xuân",Trưởng nhóm
Mobile Developer Android Hà Nội,CÔNG TY CỔ PHẦN ĐẦU TƯ AHV HOLDING,- Hà Nội: Thanh Xuân,Nhân viên
Lập Trình Viên Fullstack Java Javascript,Công ty TNHH Đầu tư và Phát triển ATC VINA,"- Hà Nội: Hàm Nghi, Nam Từ Liêm",Trưởng nhóm
Kỹ Sư Cầu Nối Tiếng Hàn Bridge Engineer,CÔNG TY TNHH SAMSUNG SDS VIỆT NAM,- Hà Nội,Nhân viên
,"VIỆN TÀI NGUYÊN, MÔI TRƯỜNG VÀ PHÁT TRIỂN BỀN VỮNG",- Hà Nội: Hai Bà Trưng,Thực tập sinh
Kỹ Sư Hạ Tầng,Công ty TNHH MTV Ứng Dụng Kỹ Thuật và Sản xuất,"- Hà Nội: Tầng 9, tòa nhà CIT – ngõ 15 Duy Tân, Cầu Giấy",Nhân viên
Kỹ Sư Cầu Nối Tiếng Nhật,CÔNG TY TNHH PLAN-B TECHNOLOGIES VIỆT NAM,"- Hà Nội: Tầng 10 Tháp Tây, Tòa nhà Hancorp Plaza, Số 72 Trần Đăng Ninh, Phường Dịch Vọng Hậu Thành phố Hà Nội, Việt Nam, Cầu Giấy",Nhân viên
Lập Trình Viên Tây Hồ Hà Nội,Công ty Cổ phần Tập đoàn HiPT,"- Hà Nội: 152 Thuỵ Khê, Tây Hồ",Nhân viên
Data Engineer Dự Án Banking Engineer Dự Án Banking,Công ty Cổ phần Giải pháp Công nghệ TTC Việt Nam,- Hà Nội,Nhân viên
Lập Trình Viên Back-End,CÔNG TY TNHH NEO TALENT,"- Hà Nội: 18 Tuệ Tĩnh, Hai Bà Trưng",Trưởng nhóm
Kỹ Sư,CÔNG TY CỔ PHẦN XÂY DỰNG VÀ CÔNG NGHIỆP NSN,"- Hà Nội: Số 11, Ngõ 89, Phố Kim Quan Thượng, Phường Việt Hưng, Long Biên, Long Biên",Nhân viên
Quản Trị Website Công Nghệ Thông Tin IT Helpdesk,TRƯỜNG TRUNG CẤP Y DƯỢC TUỆ TĨNH HÀ NỘI,"- Hà Nội: Số 6/767 - Nguyễn Khoái, Hoàng Mai",Nhân viên
Java Developer,CÔNG TY CỔ PHẦN DỊCH VỤ DI ĐỘNG THỂ HỆ MỚI (NMS),"- Hà Nội: Toà nhà Mỹ Đình Plaza, 138 Trần Bình, Nam Từ Liêm",Trưởng nhóm
DevOps Engineer,CÔNG TY TNHH VBA TECHNOLOGY,"- Hà Nội: Hoa Đăng Office, 290 Nguyễn Trãi, Trung Văn, Nam Từ Liêm, Nam Từ Liêm",Nhân viên
Manual Tester QA/QC Dự Án Banking,Công ty cổ phần Synodus,- Hà Nội: Hoàn Kiếm,Nhân viên
Nhân Viên Designer,Công ty cổ phần Gió media,"- Hà Nội: số 5 Tân Triều - Thanh Trì, Thanh Trì",Nhân viên
Trưởng Nhóm,CÔNG TY TNHH SOCOTEC VIỆT NAM,"- Hà Nội: No 17, Alley 575, Kim Ma Street, Ba Đình",Trưởng nhóm
BA Business Analyst IT,Công ty Cổ phần Đầu tư Phát triển Công nghệ và Truyền thông,"- Hà Nội: CT2 Tràng An Complex, số 1 Phùng Chí Kiên, Nghĩa Đô, Cầu Giấy, Cầu Giấy",Nhân viên
NET Developer,Công ty Cổ phần Công nghệ KiotViet,"- Hà Nội: 1A Yết Kiêu - Phường Cửa Nam, Hoàn Kiếm",Nhân viên
C/ Developer,FPT Software,- Hà Nội: Cầu Giấy,Nhân viên
,Công ty TNHH MTV Logistics Viettel,"- Hà Nội: Lô A2, Đường CN4, Minh Khai, Bắc Từ Liêm, Bắc Từ Liêm",Nhân viên
,CÔNG TY TRÁCH NHIỆM HỮU HẠN VIPHAP,"- Hà Nội: 26 Lô A20, KĐT Geleximco A, Hoài Đức, Nam Từ Liêm",Trưởng/Phó phòng
Developer,CÔNG TY CỔ PHẦN AZ GLOBAL CORP,"- Hà Nội: Tầng 3, tòa nhà FLC Landmark Tower, đường Lê Đức Thọ, phường Mỹ Đình 2, Nam Từ Liêm",Nhân viên
C++ Developer,Công ty Cổ phần Đầu tư và Công nghệ HTI,"- Hà Nội: Tầng 16-VP2, Tòa nhà Sun Square, số 21 lê Đức Thọ, Phường Mỹ Đình 2., Nam Từ Liêm",Nhân viên
Chuyên Viên Kiểm Thử Phần Mềm Tester,CÔNG TY TNHH VETC DIGITAL,"- Hà Nội: Tasco Building, HH2-2, Phạm Hùng, Nam Từ Liêm",Nhân viên
Mobile Developer React Native Flutter,Công Ty Cổ Phần GoGroup,"- Hà Nội: 37 lê văn lương, Cầu Giấy",Nhân viên
Phát Triển Phần Mềm Flutter Developer,Công ty Cổ phần Giải pháp Công nghệ Elsaga,- Hà Nội: Hà Đông,Nhân viên
Thực Tập Sinh,CÔNG TY CỔ PHẦN CÔNG NGHỆ AN NINH MẠNG QUỐC GIA VIỆT NAM,"- Hà Nội: Tràng An Complex số 1 Phùng Chí Kiên, Nghĩa Đô, Cầu Giấy",Thực tập sinh
Ai Engineer,Công ty TNHH SETA international Việt Nam,"- Hà Nội: Tòa nhà HL, ngõ 82, Duy Tân, Cầu Giấy",Nhân viên
Java Developer,CÔNG TY TNHH SAMSUNG SDS VIỆT NAM,"- Hà Nội: Tòa PVI, Số 1 Phạm Văn Bạch, Yên Hòa, Cầu Giấy",Trưởng nhóm
Thực Tập Sinh Python ReactJS PHP,Công ty Cổ phần JVB Việt Nam,"- Hà Nội: Tòa Roman Plaza, Tố Hữu, Nam Từ Liêm",Thực tập sinh
Engineer,Công Ty Cổ Phần Aggregatori Capaci,"- Hà Nội: 5BT2, khu đô thị Mễ Trì Hạ, Mễ Trì, Nam Từ Liêm",Nhân viên
Nhân Viên Kiểm Thử Phần Mềm Tester Đi Làm Ngay,Công ty cổ phần phần mềm REVOTECH,"- Hà Nội: Tòa CTM số 130 đường Cầu giấy, Quan Hoa, Cầu Giấy",Nhân viên
Flutter,CÔNG TY CỔ PHẦN PAYTECH,- Hà Nội: Gia Lâm,Trưởng nhóm
IT Project Manager,CÔNG TY CỔ PHẦN FUTURE CONNECT,"- Hà Nội: 85 Nguyễn Ngọc Vũ, Thanh Xuân",Quản lý / Giám sát
Front-End Developer Vue.Js,CÔNG TY TNHH EAERA VIỆT NAM,"- Hà Nội: Tòa Wecozy, số 3 Lê Văn Hưu, Phạm Đình Hổ, Hai Bà Trưng",Nhân viên
Chuyên Viên Phân Tích Nghiệp Vụ,Công ty Cổ phần Tập đoàn HiPT,- Hà Nội: Tây Hồ,Nhân viên
Reactjs Developer,CÔNG TY CỔ PHẦN CÔNG NGHỆ ALPHAWAY,"- Hà Nội: 127 Lò Đúc, Hai Bà Trưng",Trưởng nhóm
Business Analyst,Công ty Cổ phẩn Lotus Quality Assurance,"- Hà Nội: Tầng 14 -17 , toà nhà văn phòng MD Complex, 68 Nguyễn Cơ Thạch, KĐT Mỹ Đình I, P. Cầu Diễn, Nam Từ Liêm",Trưởng nhóm
Fullstack Java Angular,Công ty Cổ Phần Rikkeisoft,"- Hà Nội: tòa Vinacomin Dương Đình Nghệ, Cầu Giấy",Nhân viên
Lập Trình Viên C/. Dự Án Bank,Công ty Cổ phần Giải pháp Công nghệ TTC Việt Nam,"- Hà Nội: 21 Cát Linh, Đống Đa - Hà Nội: Tòa Tràng An, Hoàng Quốc Việt, Cầu Giấy - Hà Nội: 36 Giang Văn Minh, Ba Đình",Nhân viên
Backend Developer,Apero Technologies Group,"- Hà Nội: 289 Khuất Duy Tiến, Đại Mỗ, Thanh Xuân - Hồ Chí Minh: Số 3 Nguyễn Lương Bằng, Quận 7",Nhân viên
Phó Tổng Giám Đốc Hà Nội,Công ty Cổ phần Tập đoàn Meey Land,"- Hà Nội: 97-99 Láng Hạ, Đống Đa",Giám đốc
Business Analyst BA,CÔNG TY CỔ PHẦN TRUYỀN THÔNG VĂN HOÁ VIỆT,"- Hà Nội: Tầng 3, Tòa Tháp Đông, Chung cư Học viện Quốc Phòng, Xuân La, Tây Hồ",Trưởng nhóm
Mobile Developer Flutter Hà Nội,CÔNG TY TNHH 10KN,"- Hà Nội: Sacombank Lê Đức Thọ, Mỹ Đình, Nam Từ Liêm",Nhân viên
Khoa Học Dữ Liệu Data Scientist,Khối Công nghệ thông tin - Viettel Telecom,"- Hà Nội: Tầng 42 + 43, tòa nhà Keangnam Landmark 72 Phạm Hùng, Nam Từ Liêm",Nhân viên
Giám Đốc Vận Hành COO,Công ty cổ phần TechLead,"- Hà Nội: Tầng 4- Số 11 Nguyễn Xiển - Thanh Xuân, Thanh Xuân",Giám đốc
Frontend Developer ReactJS Dự Án Giáo Dục,CÔNG TY CỔ PHẦN ĐẦU TƯ VÀ CÔNG NGHỆ BẦU TRỜI XANH,"- Hà Nội: BT16B6-32, Làng Việt Kiều Châu Âu, P. Mộ Lao, Hà Đông",Nhân viên
Java Developer,CÔNG TY CỔ PHẦN ĐẦU TƯ VÀ CÔNG NGHỆ SOLID,"- Hà Nội: Duy Tân, Cầu Giấy",Nhân viên
Java Backend Hà Nội,Công ty cổ phần XNK Đầu tư và Công nghệ HD Việt Nam,"- Hà Nội: Hoàng Cầu, Đống Đa",Nhân viên
Lập Trình Viên,Công ty Cổ phần đầu tư Công Nghệ và Thương Mại Softdreams,"- Hồ Chí Minh: Số H.54 đường Huỳnh Tấn Chùa, phường Đông Hưng Thuận, Quận 12 - Hà Nội: nhà khách ATS, số 8 Phạm Hùng, Mễ Trì, Nam Từ Liêm",Nhân viên
Data Engineer,Công ty cổ phần Ecoit,"- Hà Nội: Lê Văn Lương, Cầu Giấy",Trưởng nhóm
Developer,FPT Software,"- Hồ Chí Minh: F-Town 3, 3 Võ Chí Công, Phường Long Thạnh Mỹ Ho Chi Minh City, Vietnam, Thủ Đức - Hà Nội: Tòa nhà FPT Cầu Giấy, phố Duy Tân, phường Cầu Giấy, Thành phố Hà Nội, Việt Nam, Cầu Giấy",Nhân viên
Lập Trình Viên,Công ty cổ phần giải pháp MKT,"- Hà Nội: số 35 Lê Văn Thiêm, Thanh Xuân, Thanh Xuân",Nhân viên
Unity Developer,CÔNG TY TNHH NGÔI SAO DŨNG CẢM,"- Hà Nội: 37 Lê Văn Lương, Thanh Xuân",Nhân viên
Fullstack Developer,AASC AUDITING FIRM COMPANY LIMITED,"- Hà Nội: Hãng Kiểm toán AASC, Số 1, Lê Phụng Hiểu, Tràng Tiền, Hoàn Kiếm",Trưởng nhóm
Android Developer,CÔNG TY CỔ PHẦN TRUYỀN HÌNH TƯƠNG TÁC VIỆT NAM,"- Hà Nội: Tòa VTVcab, 3/81 Ngọc Khánh, Ba Đình",Trưởng nhóm
Kĩ Sư,CÔNG TY TNHH TECHVICO,"- Hà Nội: Tầng 4, Tòa Tâm Bình, số 59, ngõ 5 phố Láng Hạ, Phường Thành Công, Ba Đình",Nhân viên
Software Developer Java,Tek Experts Vietnam,"- Hà Nội: Lotte Center, Ba Đình",Nhân viên
Frontend Developer,CÔNG TY TNHH NEO TALENT,"- Hà Nội: Nguyễn Hoàng, Bắc Từ Liêm",Trưởng nhóm
Thực Tập Sinh Unity Developer,CÔNG TY TNHH KINH DOANH TỔNG HỢP TUẤN PHÁT,- Hà Nội: Hà Đông,Thực tập sinh
Frontend App Developer Hà Nội,Công ty cổ phần truyền thông đa phương tiện Gia Minh,"- Hà Nội: Tầng 8 Tòa Hội Nhà báo Việt Nam, Dương Đình Nghệ, Cầu Giấy",Nhân viên
Manual Tester Dự Án Tài Chính,Công ty Cổ phần Giải pháp Công nghệ TTC Việt Nam,- Hà Nội: Cầu Giấy,Nhân viên
Angular Developer Bank,CÔNG TY CỔ PHẦN CÔNG NGHỆ ALPHAWAY,- Hà Nội,Trưởng nhóm
Flutter Developer,CÔNG TY CỔ PHẦN CÔNG NGHỆ ALPHAWAY,"- Hà Nội: 21 Cát Linh, Đống Đa",Trưởng nhóm
PHP Developer,Công ty cổ phần BEE TECH ASIA,"- Hà Nội: Tầng 4, TTTM Hà Thành, 102 Thái Thịnh, Trung Liêt, Đống Đa, Đống Đa",Nhân viên
Chuyên Viên Phân Tích Nghiệp Vụ BA,CÔNG TY CỔ PHẦN MẠNG Y TẾ CỘNG ĐỒNG,"- Hà Nội: Số 676 Hoàng Hoa Thám, phường Bưởi, Tây Hồ",Trưởng nhóm
Chuyên Viên Quản Lý Rủi Ro,CÔNG TY CỔ PHẦN CÔNG NGHỆ AN NINH MẠNG QUỐC GIA VIỆT NAM,"- Hà Nội: Dương Đình Nghệ, Cầu Giấy",Nhân viên
Chuyên Viên IT,Công ty Cổ phần Đầu Tư K&G Việt Nam,"- Hà Nội: Tòa nhà sông Đà, Phạm Hùng, Nam Từ Liêm",Nhân viên
Hà Nội Đi Làm Ngay,CÔNG TY TNHH TRUYỀN THÔNG SNET GROUP,"- Hà Nội: B10-16 Khu B Geleximco đường Lê Trọng Tấn, phường Dương Nội, Hà Đông",Nhân viên
Tester QA/QC,CÔNG TY TNHH GEMCOMMERCE,"- Hà Nội: Tòa Artemis, số 3 Lê Trọng Tấn, Thanh Xuân",Quản lý / Giám sát
Product Owner Quản Lý,Công ty CP Kinh doanh F88,"- Hà Nội: Số 5 Nguyễn Thị Duệ, Phường Yên Hòa, Cầu Giấy",Trưởng nhóm
Đào Tạo IT Fresher,NashTech,"- Hồ Chí Minh: 3rd Floor, Etown Building, No. 364 Cong Hoa Street, Tan Binh Ward, Ho Chi Minh City, Tân Bình - Hà Nội: 5th, 6th, and 7th Floors, HITC Building, No. 239 Xuan Thuy Street, Cau Giay Ward, Hanoi City, Cầu Giấy - Đà Nẵng: 19th Floor, VietinBank Building, No. 36 Tran Quoc Toan Street, Hai Chau Ward, Da Nang City, Hải Châu",Thực tập sinh
Quản Trị Dự Án Project Manager,Công ty Cổ Phần Công Nghệ ITG,"- Hà Nội: Tòa Lilama 10, 56 Tố Hữu, Nam Từ Liêm",Trưởng/Phó phòng
C# Developer,CÔNG TY CỔ PHẦN GIẢI PHÁP CÔNG NGHỆ HTSC,"- Hà Nội: Tầng 16-VP2, Tòa nhà Sun Square, số 21 lê Đức Thọ, Phường Mỹ Đình 2., Nam Từ Liêm",Nhân viên
AI Engineer,Công ty Cổ phần Tập đoàn Austdoor,- Hà Nội: Thanh Xuân,Nhân viên
BrSE Tiếng Nhật,CÔNG TY TNHH MUMESOFT INNOVATION,"- Hà Nội: Tầng 6, số 12 Mễ Trì Hạ, phường Mễ Trì, Nam Từ Liêm",Trưởng nhóm
Mobile Developer React Native,CÔNG TY CỔ PHẦN TẬP ĐOÀN APEC GROUP,"- Hà Nội: 117 Trần Duy Hưng, Trung Hòa, Cầu Giấy, Cầu Giấy",Nhân viên
DevOps Engineer,Công ty CP Kinh doanh F88,"- Hà Nội: Số 5 Nguyễn Thị Duệ, Phường Yên Hòa, Cầu Giấy",Trưởng nhóm
Lập Trình Viên Java,Công ty Cổ phần Tập đoàn Công nghệ Thiên Hoàng,"- Hà Nội: Tầng 22 tòa nhà Viwaseen, số 48 Tố Hữu, Trung Văn, Nam Từ Liêm",Trưởng nhóm
Backend Developer,CÔNG TY TNHH HORUS PRODUCTIONS,"- Hà Nội: Tầng 2 tòa VOV Mễ Trì, Nam Từ Liêm",Trưởng nhóm
AI Engineer,Công ty cổ phần Ecoit,"- Hà Nội: Trung Hòa, Cầu Giấy, Cầu Giấy",Trưởng nhóm
Python Developer Banking,Công ty Cổ phần Công nghệ Alphaway,"- Hà Nội: Lê Ngọc Hân, Hai Bà Trưng, Hai Bà Trưng",Trưởng nhóm
Test Engineer Tester Manual Test Long Biên Hà Nội,Công ty TNHH Vietsol,- Hà Nội: Long Biên,Nhân viên
Lập Trình Viên Backend,Công ty VTC Online,"- Hà Nội: Tòa nhà VTC Online, 18 Tam Trinh, Hai Bà Trưng",Nhân viên
Nhân Viên IT,CÔNG TY TNHH THẨM ĐỊNH GIÁ VNG VIỆT NAM,"- Hà Nội: số 1 Hoàng Đạo Thúy, Thanh Xuân",Nhân viên
Lập Trình Viên Blockchain,Công ty CP Giải pháp Thanh toán Việt Nam (VNPAY),"- Hà Nội: 22 Láng Hạ, Phường Láng, Đống Đa",Nhân viên
Admin,CÔNG TY CỔ PHẦN CÔNG NGHỆ AN NINH MẠNG QUỐC GIA VIỆT NAM,- Hà Nội: Cầu Giấy,Nhân viên
Manual Tester Tiếng Nhật,Công ty Cổ phần JVB Việt Nam,"- Hà Nội: Tòa Roman Plaza, Tố Hữu, Nam Từ Liêm",Nhân viên
Business Analyst Phân Tích Nghiệp Vụ,Công ty Cổ phần Giải pháp 8 Giờ,"- Hà Nội: Số 79+81 phố Trần Xuân Soạn, P.Phạm Đình Hổ, Hai Bà Trưng",Nhân viên
Business Analyst,CÔNG TY CỔ PHẦN TRUYỀN HÌNH TƯƠNG TÁC VIỆT NAM,"- Hà Nội: Tòa VTVcab, 3/81 Ngọc Khánh, Ba Đình",Trưởng nhóm
Engineer,"CÔNG TY TNHH CÔNG NGHỆ GIA ĐÌNH (FTECH CO., LTD)","- Hà Nội: Số 21 Ngõ Giếng, Phố Đông Các, Phường Đống Đa, Thành phố Hà Nội, Việt Nam., Đống Đa",Nhân viên
Admin Dự Án,Công ty Cổ phần Đầu tư Mobino,"- Hà Nội: 31 Thọ Tháp, Cầu Giấy",Nhân viên
Tester Bank,Công ty TNHH Giải pháp Phân tích dữ liệu Insight Data,"- Hà Nội: Lê Ngọc Hân, Hai Bà Trưng",Trưởng nhóm
Business Analyst Bank,CÔNG TY CỔ PHẦN CÔNG NGHỆ ALPHAWAY,- Hà Nội,Trưởng nhóm
Project Manager Dự Án Bảo Hiểm,Công Ty TNHH Bảo Hiểm Tasco,"- Hà Nội: Tòa nhà Tasco, Lô HH2-2 đường Mỹ Đình, Từ Liêm",Nhân viên
Tester,CÔNG TY TNHH MUMESOFT INNOVATION,"- Hà Nội: Tầng 6, số 12 Mễ Trì Hạ, phường Mễ Trì, Nam Từ Liêm",Trưởng nhóm
Technical Leader,Công ty cổ phần EcoIT,"- Hà Nội: Lê Văn Lương, Cầu Giấy",Trưởng nhóm
Thực Tập Sinh ReactJS,CÔNG TY CỔ PHẦN CÔNG NGHỆ VÀ TRUYỀN THÔNG NETVIET,"- Hà Nội: 72 Trần Đăng Ninh, Cầu Giấy",Thực tập sinh
Quản Lý Dự Án Công Nghệ Thông Tin,Công ty CP Công nghệ Cyber Eye,"- Hà Nội: Tầng 3 - Tòa nhà Detech - Số 8 Đường Tôn Thất Thuyết - Phường Cầu Giấy, Nam Từ Liêm",Trưởng nhóm
BackEnd Developer,Công ty Cổ phần Chứng khoán An Bình,"- Hà Nội: Tầng 16, tòa nhà Geleximco, 36 Hoàng Cầu, Ô Chợ Dừa, Đống Đa",Trưởng nhóm
Business Analyst,Công ty Cổ Phần Rikkeisoft,"- Hà Nội: tòa Vinacomin Dương Đình Nghệ, Cầu Giấy",Nhân viên
Fullstack Developer Java ReactJS,Công ty cổ phần Hạ tầng Viễn thông CMC Telecom,- Hà Nội: Cầu Giấy,Nhân viên
FullStack Developer NodeJS ReactJS Vue JS,Công ty TNHH AIRCLOSET ENGINEERING,"- Hà Nội: Tầng 10, tòa nhà 3D Creative Center, Cầu Giấy",Nhân viên
Fresher Developer Lập Trình Viên,CÔNG TY CỔ PHẦN CÔNG NGHỆ SCAPBOT,"- Hà Nội: 55 Nguyễn Văn Giáp, Cầu Diễn, Nam Từ Liêm",Nhân viên
Backend Developer NodeJS Hà Nội,CÔNG TY CỔ PHẦN GIẢI PHÁP SỐ MOBIFONE,"- Hà Nội: Số 38 phố Phan Đình Phùng, Ba Đình",Nhân viên
,"TECHVIFY SOFTWARE., JSC","- Hà Nội: Tòa HUD Lê Văn Lương, Thanh Xuân",Trưởng nhóm
Trưởng Nhóm Đấu Thầu,CÔNG TY CỔ PHẦN VSI,"- Hà Nội: Tòa AC Building, số 3 ngõ 78 Phố Duy Tân, Dịch Vọng Hậu, Cầu Giấy, Cầu Giấy",Nhân viên
Java Developer,CÔNG TY CỔ PHẦN KAOPIZ HOLDINGS,- Hà Nội: Nam Từ Liêm,Nhân viên
,Tập Đoàn Vàng Bạc Đá Quý DOJI,"- Hà Nội: Số 5 Lê Duẩn, Ba Đình",Trưởng/Phó phòng
Android Engineer,Cty TNHH Thundersoft Việt Nam,"- Hà Nội: Toà nhà Westpoint Tower Đỗ Đức Dục, Nam Từ Liêm, Nam Từ Liêm",Nhân viên
Kiểm Thử Game,Công ty cổ phần VGP,"- Hà Nội: Tầng KT, Tòa nhà Green Park, 33 Dương Đình Nghệ, Cầu Giấy, Cầu Giấy",Nhân viên
Lập Trình Viên Backend Java,CÔNG TY CỔ PHẦN CÔNG NGHỆ UNIT – CHI NHÁNH HÀ NỘI,"- Hà Nội: Số 96 Phố Nguyễn Đình Hoàn, Phường Nghĩa Đô, Cầu Giấy",Nhân viên
Java Developer Team Lead,CÔNG TY CỔ PHẦN DỊCH VỤ DI ĐỘNG THỂ HỆ MỚI (NMS),"- Hà Nội: Tòa nhà Mỹ Đình Plaza, 138 Trần Bình, Nam Từ Liêm",Trưởng nhóm
Developer Flutter,Bệnh Viện Đa Khoa Quốc Tế Thu Cúc – Chi Nhánh Công Ty Cổ Phần Y Khoa & Thẩm Mỹ Thu Cúc,"- Hà Nội: 444 Hoàng Hoa Thám, Tây Hồ",Nhân viên
Product Manager,Công ty Cổ phần Funtap,"- Hà Nội: Tầng 4, tòa nhà Tây Hà, số 19 Tố Hữu, Nam Từ Liêm",Trưởng/Phó phòng
IOS Developer,Công ty cổ phần Công nghệ Sapo,"- Hà Nội: Tòa Ladeco 266 Đội Cấn, Ba Đình",Nhân viên
Backend Developer Python,CÔNG TY TNHH VODAPLAY VIỆT NAM,- Hà Nội: Cầu Giấy,Nhân viên
Product Owner,Công ty Cổ phần Công nghệ Prep,"- Hà Nội: 34 Láng Hạ, Đống Đa, Đống Đa",Trưởng nhóm
Thực Tập Sinh Lập Trình Unity Game,CÔNG TY TNHH CÔNG NGHỆ NHẬN THỨC MÁY HORUS AI,"- Hà Nội: tòa Ct2D, VOV, Mễ Trì, Nam Từ Liêm, Nam Từ Liêm",Thực tập sinh
Backend Java,CÔNG TY CỔ PHẦN CÔNG NGHỆ AIT,"- Hà Nội: Ngõ 100 Dịch Vọng Hậu, Cầu Giấy",Trưởng nhóm
Kỹ Sư Mạng Network Engineer,CÔNG TY TNHH CÔNG NGHỆ 44+,"- Hà Nội: Số 12 Ngõ 1 Dịch Vọng Hậu, Cầu Giấy",Nhân viên
NodeJS Developer,Công ty TNHH Fetek Việt Nam,"- Hà Nội: số 8 ngõ 30 Nguyễn Thị Định, Trung Hoà, Cầu Giấy",Trưởng nhóm
Full-Stack Developer Python Ít,Asilla Việt Nam,"- Hà Nội: Số 6 ngõ 82 Duy Tân - Dịch Vọng Hậu, Cầu Giấy",Nhân viên
Nhân Viên Kiểm Thử Phần Mềm Ngân Hàng,Công ty TNHH Fetek Việt Nam,"- Hà Nội: số 8 ngõ 30 Nguyễn Thị Định, Trung Hoà, Cầu Giấy",Trưởng nhóm
Reactjs Developer,FPT Smart Cloud (FCI),"- Hà Nội: Tầng 7, FPT Tower, Số 10 Phạm Văn Bạch, Dịch Vọng, Cầu Giấy",Trưởng nhóm
Business Analyst,CÔNG TY CỔ PHẦN LIFETEX,"- Hà Nội: HH2 Bắc Hà, Nhân Chính, Thanh Xuân",Trưởng/Phó phòng
Trưởng Nhóm Backend Backend,Công ty cổ phần phương tiện điện thông minh Selex,"- Hà Nội: số 12, ngõ 36 Xuân Thủy, Cầu Giấy",Trưởng nhóm
DevOps,Công ty TNHH Thu phí tự động VETC,"- Hà Nội: Tasco building, HH2-2 Phạm Hùng, Từ Liêm",Nhân viên
Frontend Engineer Reactjs Angular,Công ty TNHH Fetek Việt Nam,"- Hà Nội: số 8 ngõ 30 Nguyễn Thị Định, Trung Hoà, Cầu Giấy",Trưởng nhóm
Kỹ Sư Đảm Bảo Chất Lượng QA/QC,Công ty cổ phần phương tiện điện thông minh Selex,"- Hà Nội: YÊN VIÊN, GIA LÂM, Gia Lâm",Nhân viên
Tech Lead,CÔNG TY TNHH CÔNG NGHỆ EZCLOUD TOÀN CẦU,"- Hà Nội: Tầng 8, tòa nhà Ladeco, số 266 Đội Cấn,Phường Liễu Giai, Ba Đình",Trưởng nhóm
Quản Trị Cơ Sở Dữ Liệu DBA,CÔNG TY CỔ PHẦN THƯƠNG MẠI & DỊCH VỤ MEDLATEC GROUP,"- Hà Nội: 270 Thụy Khuê, Tây Hồ",Nhân viên
IT Comtor Tiếng Nhật,công ty cổ phần Data Impact,"- Hà Nội: Tầng 11 tòa nhà Hồ Gươm Plaza đường Trần Phú, Hà Đông",Nhân viên
Golang Developer,CÔNG TY CỔ PHẦN AHT TECH,"- Hà Nội: Văn phòng đối tác (Onsite): Tòa nhà Keangnam Landmark 72, Cầu Giấy",Trưởng nhóm
Frontend Developer Angular ReactJs,CÔNG TY CỔ PHẦN TẬP ĐOÀN APEC GROUP,"- Hà Nội: Tầng 3, TTTM Grand Plaza, Số 117 Trần Duy Hưng, Phường Trung Hòa, Cầu Giấy",Nhân viên
Backend Web Developer NodeJS,Eastgate Software JSC,"- Hà Nội: Tầng 11, VCCI Tower, 09 Đào Duy Anh, Đống Đa",Nhân viên
AI Engineer,"TECHVIFY SOFTWARE., JSC","- Hà Nội: Toà HUD Lê Văn Lương, Thanh Xuân",Trưởng nhóm
Nhân Viên Kỹ Thuật,CÔNG TY CỔ PHẦN TGI TRANS,"- Hà Nội: Số 1 Lương Yên,, Hai Bà Trưng",Nhân viên
Quản Lý,Công ty Cổ phần Vatech Việt,- Hà Nội,Nhân viên
Thực Tập Sinh AI Engineer,FPT Software,"- Hà Nội: FPT Tower, số 10 Phạm Văn Bạch, Cầu Giấy",Trưởng nhóm
Senior Backend Developer,Công ty cổ phần phương tiện điện thông minh Selex,"- Hà Nội: số 12, ngõ 36 Xuân Thủy, Cầu Giấy",Trưởng nhóm
IT Comtor,CÔNG TY TNHH CÔNG NGHỆ RIKAI,"- Hà Nội: 28 Dương Đình Nghệ, Cầu Giấy",Nhân viên
Kỹ Sư Phần Mềm Nhúng,VNPT Technology - Công ty Cổ phần Công nghệ Công nghiệp Bưu chính viễn thông,"- Hà Nội: 124 Hoàng Quốc Việt, Cầu Giấy",Nhân viên
Kĩ Sư,CÔNG TY TNHH BK EDU,"- Hà Nội: số 22 ngõ 17 Tạ Quang Bửu, Hoàng Mai",Nhân viên
Data Engineer,SCI Group,"- Hà Nội: 93 Bạch Mai, Hai Bà Trưng",Nhân viên
,Viettel Digital,"- Hà Nội: Tòa Keangnam, Phạm Hùng, Nam Từ Liêm",Nhân viên
Data Engineer,công ty cổ phần Data Impact,"- Hà Nội: Tầng 11, Tòa nhà Hồ Gươm Plaza,Trần Phú, Hà Đông",Nhân viên
Kỹ Sư AI AI Engineer,công ty cổ phần Data Impact,"- Hà Nội: Tầng 11, Tòa nhà Hồ Gươm Plaza,Trần Phú, Hà Đông",Nhân viên
Developer,Công ty Cổ phần Đầu tư Mobino,"- Hà Nội: 31 Thọ Tháp, Cầu Giấy",Nhân viên
Nhân Viên Tester,CÔNG TY CỔ PHẦN ĐẦU TƯ VÀ PHÁT TRIỂN TRÍ TUỆ NHÂN TẠO AIDIA,"- Hà Nội: Tầng 12, Tòa nhà CTM Số 139 Cầu Giấy, Cầu Giấy",Nhân viên
Lập Trình Viên Fullstack,CÔNG TY CỔ PHẦN SMART - SOLUTIONS VIỆT NAM,"- Hà Nội: Tầng 4, số 11 ngõ 21 Lê Văn Lương, Nhân Chính, Thanh Xuân",Nhân viên
Project Manager Product Owner,CÔNG TY TRÁCH NHIỆM HỮU HẠN GIẢI PHÁP CÔNG NGHỆ CỘNG,"- Hà Nội: 74 Khúc Thừa Dụ, Dịch Vọng, Cầu Giấy",Trưởng/Phó phòng
Fullstack Developer Java Hà Nội,Công ty cổ phần Công nghệ Sapo,"- Hà Nội: tòa Ladeco, số 266 Đội Cấn, Ba Đình",Nhân viên
Manual Test Tester,FPT Smart Cloud (FCI),"- Hà Nội: FPT Tower, số 10 Phạm Văn Bạch, Cầu Giấy",Trưởng nhóm
AI Engineer,FPT Smart Cloud (FCI),"- Hồ Chí Minh: Tòa PJICO, 186 Điện Biên Phủ,, Quận 3 - Hà Nội: tòa FPT Tower, số 10 Phạm Văn Bạc, Cầu Giấy",Quản lý / Giám sát
IT Helpdesk Tiếng Anh,Công ty TNHH Tổng công ty Công nghệ & Giải pháp CMC,"- Hà Nội: 11 Duy Tân, Cầu Giấy",Nhân viên
Product Owner,Công ty cổ phần Công nghệ Sapo,"- Hà Nội: 266 Đội Cấn, Ba Đình",Nhân viên
Nhân Viên IT,Công ty Cổ phần Thú y xanh Việt Nam,"- Hà Nội: Lô NM5 Cụm Công Nghiệp Phú Thị, Gia Lâm",Nhân viên
Lập Trình Viên Nodejs,Công ty cổ phần giải pháp MKT,"- Hà Nội: Tầng 4, tòa nhà Stellar Garden số 35 Lê Văn Thiêm, Nhân Chín Hà Nộ, Thanh Xuân",Nhân viên
Chuyên Viên Phân Tích BA Bank,Công Ty Cổ Phần GoGroup,"- Hà Nội: ngõ 20 phố Đức Giang, Long Biên - Hà Nội: 37 Lê văn lương, Cầu Giấy",Nhân viên
Project Manager,CÔNG TY TNHH NEO TALENT,"- Hà Nội: Nguyễn Hoàng, Bắc Từ Liêm",Trưởng nhóm
Phát Triển Sản Phẩm Product Owner,Ngân Hàng TMCP An Bình,- Hà Nội,Nhân viên
Nhân Viên IT Helpdesk,Công Ty TNHH Bảo Hiểm Tasco,"- Hà Nội: Tòa nhà Tasco, Phạm Hùng, Nam Từ Liêm",Nhân viên
Tester Manual Nhân Viên Kiểm Thử Phần Mềm Tiếng Nhật Hà Nội,Công ty Cổ phần Tổng hợp Việt Nhật (Vinicorp),"- Hà Nội: Tầng 14- Tòa ICON4 Tower, số 243A La Thành, Đống Đa",Nhân viên
Nhân Viên IT IT HelpDesk IT Tiếng Anh,Trường Tiểu học Nguyễn Siêu,"- Hà Nội: 38 Nguyễn Xuân Nham, Cầu Giấy",Nhân viên
,Vega Corporation,"- Hà Nội: 106 Hoàng Quốc Việt, Cầu Giấy - Hồ Chí Minh: 43 Thảo Điền, Quận 2",Nhân viên
DevOps Engineer,CÔNG TY TNHH CÔNG NGHỆ EZCLOUD TOÀN CẦU,"- Hà Nội: Tầng 8, tòa nhà Ladeco, số 266 Đội Cấn,Phường Liễu Giai, Ba Đình",Nhân viên
,CÔNG TY CỔ PHẦN CÔNG NGHỆ ALPHAWAY,"- Hà Nội: 127 Lò Đúc, Hai Bà Trưng - Hà Nội: 21 Cát Linh, Đống Đa",Trưởng nhóm
Kỹ Sư Hệ Thống System Engineer,Công ty Cổ phần MPS Việt Nam,"- Hà Nội: Nhà số 5, Sunrise E, Khu đô thị The Manor Central Park, đường Nguyễn Xiển, Hoàng Mai, Hoàng Mai",Nhân viên
Team Leader Hà Nội,CÔNG TY TNHH ACWORKS VIỆT NAM,"- Hà Nội: Tầng 5, toà nhà Diamond Flower, 48 Lê Văn Lương, Nhân Chính, Thanh Xuân",Trưởng nhóm
AI Engineer,CÔNG TY TNHH MỘT THÀNH VIÊN AN NINH MẠNG VIETTEL,"- Hà Nội: Keangnam Landmark 72, Phạm Hùng, Từ Liêm",Nhân viên
DBA,CÔNG TY CỔ PHẦN TƯ VẤN CÔNG NGHỆ NGS,"- Hà Nội: 6th Element Nguyễn Văn Huyên, KĐT Tây Hồ Tây, Tây Hồ - Hà Nội: 6th Element Nguyễn Văn Huyên, phường Nghĩa Đô, Cầu Giấy",Trưởng nhóm
Senior Front-End Developer Angular,Ngân hàng TMCP Hàng Hải Việt Nam (MSB),- Hà Nội,Nhân viên
Nhân Viên Vận Hành Hệ Thống Operation Executive,Công Ty TNHH Bảo Hiểm Tasco,"- Hà Nội: Tòa nhà Tasco, Lô HH2-2 đường Mỹ Đình, Từ Liêm",Nhân viên
Video Editor Hà Nội,Văn phòng đại diện NSTAGE INC tại thành phố Hà Nội,"- Hà Nội: đường Hoàng Đạo Thúy, phường Trung Hòa, Cầu Giấy",Nhân viên
Solution Architect,CÔNG TY TNHH CÔNG NGHỆ FOOBLA,"- Hà Nội: Tòa CT1B, khu MonHD, đường Nguyễn Cơ Thạch, Nam Từ Liêm",Quản lý / Giám sát
Chuyên Viên Phân Tích Nghiệp Vụ IT Business Analyst,CÔNG TY CỔ PHẦN GOLAZY,"- Hà Nội: Số nhà 46 đường 23 Khu đô thị thành phố Giao lưu, Bắc Từ Liêm",Nhân viên
Flutter Developer,CÔNG TY TNHH HORUS PRODUCTIONS,"- Hà Nội: VOV Mễ Trì, Nam Từ Liêm",Trưởng nhóm
Full Stack Developer Angular Hà Nội,CÔNG TY CỔ PHẦN GIẢI PHÁP SỐ MOBIFONE,"- Hà Nội: Số 38 phố Phan Đình Phùng, Ba Đình",Nhân viên
IOS Developer,Công ty Cổ phần JVB Việt Nam,"- Hà Nội: Tòa Roman Plaza, Tố Hữu, Nam Từ Liêm",Nhân viên
Engineer Devops Engineer,CÔNG TY CỔ PHẦN CÔNG NGHỆ SAVA META,"- Hà Nội: Unit 5, Tầng 14 Tòa Nhà Century Tower, 458 phố Minh Khai, Phường Vĩnh Tuy, Hai Bà Trưng",Nhân viên
Manual Tester,Công Ty TNHH Tester Việt,"- Hà Nội: Phường Giảng Võ, Ba Đình",Nhân viên
AI Engineer Machine Learning Engineer,Công ty Cổ phần MISA,"- Hà Nội: N03T1, Khu Ngoại Giao Đoàn, Bắc Từ Liêm",Nhân viên
Data Engineer,Công ty Cổ phần Hệ thống Công nghệ ETC,"- Hà Nội: Tòa 319 Bộ Quốc Phòng, 63 Lê Văn Lương, Cầu Giấy, Cầu Giấy",Trưởng nhóm
Java Developer,Công ty Tài chính tín dụng tiêu dùng TNHH MB SHINSEI (Mcredit),"- Hà Nội: Tòa MBBank- 21 Cát Lin, Đống Đa",Nhân viên
,Công ty TNHH Thời trang MInh A.M,"- Hà Nội: B17-17 Đường Violet 2, KĐT Vinhome Gardenia, Hàm Nghi, Mỹ Đình, Nam Từ Liêm",Trưởng nhóm
QA Java,Công ty TNHH SETA international Việt Nam,"- Hà Nội: Tòa nhà HL, ngõ 82, Duy Tân, Cầu Giấy",Nhân viên
Senior NodeJS BackEnd Developer,CÔNG TY CỔ PHẦN SMARTOSC,"- Hà Nội: Handico Tower, Phạm Hùng, Nam Từ Liêm",Nhân viên
Giám Đốc Công Nghệ CTO,Công ty cổ phần TechLead,"- Hà Nội: Tầng 4- Số 11 Nguyễn Xiển - Thanh Xuân, Thanh Xuân",Giám đốc
DevOps Engineer ERP,Công Ty TNHH Bảo Hiểm Tasco,"- Hà Nội: Tòa nhà Tasco, Lô HH2-2 Phạm Hùng, Từ Liêm",Nhân viên
Nhân Viên Phân Tích Nghiệp Vụ BA,Công ty Cổ phần Tổng hợp Việt Nhật (Vinicorp),"- Hà Nội: Tầng 14- Tòa ICON4 Tower -số 243A La Thành, Đống Đa - Vĩnh Phúc: Phúc Thắng, Phúc Yên",Nhân viên
Kỹ Sư,Công ty Cổ phần Tập đoàn Công nghiệp Quang Trung,"- Hà Nội: 33 BT4 Bán Đảo Linh Đàm, Hoàng Liệt, Hoàng Mai, Hoàng Mai",Nhân viên
AI Engineer,Công ty TNHH Công Nghệ và Thương Mại Lifesup,"- Hà Nội: Tôn Thất Thuyết, Cầu Giấy",Trưởng nhóm
ISO,Công ty Cổ phần Tập đoàn Meey Land,"- Hà Nội: 97-99 Láng Hạ, Đống Đa",Nhân viên
Unity Developer Fresher,SonatGame Studio,"- Hà Nội: Tầng 10 - The West Tower - 265 Cầu Giấy, Cầu Giấy",Nhân viên
Chuyên Viên Lập Trình Python,Công ty cổ phần Canifa,"- Hà Nội: 170 Đê La Thành, Ô Chợ Dừa, Đống Đa",Nhân viên
BrSE Kỹ Sư Cầu Nối,CÔNG TY CỔ PHẦN PHẦN MỀM LUVINA,"- Hà Nội: 106 Hoàng Quốc Việt, Cầu giấy, Cầu Giấy",Nhân viên
Product Owner,CÔNG TY CỔ PHẦN TRUYỀN THÔNG VÀ GIẢI TRÍ HG MEDIA,"- Hà Nội: Số 49 Trung Liệt, Đống Đa",Nhân viên
Engineer,CÔNG TY CỔ PHẦN CÔNG NGHỆ UPP TOÀN CẦU,"- Hà Nội: Tòa Web3 Số 15 Ngõ 4 Duy Tân, Cầu Giấy",Trưởng nhóm
Chuyên Viên Triển Khai Phần Mềm,CÔNG TY CỔ PHẦN TẬP ĐOÀN IVI,"- Hà Nội: số 35 Nguyễn Đình Chiểu, Hai Bà Trưng, Hai Bà Trưng - Hồ Chí Minh: Tầng 6, Tòa nhà Văn phòng Tổng công ty xây dựng Thủy Lợi 4, Số 286-288, Nguyễn Xí, P. 13, Bình Thạnh",Nhân viên
Nhân Viên Triển Khai Phần Mềm Nhân Sự Tiền Lương,Công ty cổ phần giải pháp First Trust Việt Nam,"- Hà Nội: Tầng 5, Tòa nhà Povilta, Lô B7&B8, Ngách 1, Ngõ 187 đường Nguyễn Tuân, Phường Nhân Chính, Thanh Xuân",Nhân viên
Product Owner Phát Triển Phần Mềm,CÔNG TY CỔ PHẦN GOLAZY,"- Hà Nội: Số nhà 46 đường 23 Khu đô thị thành phố Giao lưu, Bắc Từ Liêm",Nhân viên
System Admin,CÔNG TY CỔ PHẦN CÔNG NGHỆ AN NINH MẠNG QUỐC GIA VIỆT NAM,"- Hưng Yên: Yên Mỹ, Yên Mỹ - Hà Nội: Điểm xe đưa đón Nguyễn Tuân, Thanh Xuân",Nhân viên
Chuyên Viên Kiểm Thử Dự Án Bank,Công ty Cổ phần Giải pháp Công nghệ TTC Việt Nam,"- Hà Nội: Cát Linh, Đống Đa - Hà Nội: Hoàng Quốc Việt, Cầu Giấy - Hà Nội: Giang Văn Minh, Ba Đình",Nhân viên
Automation Test,FPT Smart Cloud (FCI),"- Hà Nội: FPT Tower, số 10 Phạm Văn Bạch, Cầu Giấy",Trưởng nhóm
Backend Developer NodeJs Hà Nội,Open Reach Tech Hanoi,"- Hà Nội: 83 Trung Kính, phường Trung Hòa, Cầu Giấy",Nhân viên
Lập Trình Viên Backend,Công ty Cổ phần The First One,"- Hà Nội: Tòa nhà Suced, số 108 đường Nguyễn Hoàng, Phường Từ Liêm, Nam Từ Liêm",Nhân viên
Game Media,Công ty Cổ phần Funtap,"- Hà Nội: Tầng 4, tòa nhà Tây Hà, số 19 Tố Hữu, Nam Từ Liêm",Nhân viên
DevOps Engineer,FPT Software,"- Hà Nội: FPT Building, 17 Duy Tân Str., Cầu Giấy District, Hanoi, Cầu Giấy",Nhân viên
Nhân Viên Phân Tích Nghiệp Vụ BA IT Đi Làm Ngay,Công ty cổ phần phần mềm REVOTECH,"- Hà Nội: Tòa nhà CTM Complex, số 139 đường Cầu Giấy, Cầu Giấy",Nhân viên
Business Analyst,CÔNG TY CỔ PHẦN TINASOFT VIỆT NAM,"- Hà Nội: 110 Trần Phú - Hà Đông, Thanh Xuân",Trưởng nhóm
IT Team Leader Trưởng Nhóm,Công ty Cổ phần Tập đoàn Meey Land,"- Hà Nội: 97-99 Láng Hạ, Đống Đa",Trưởng nhóm
Fullstack Developer,Công ty TNHH Nippon Steel Metal Products Vietnam,- Hà Nội,Nhân viên
NET Developer,Công ty Cổ Phần Rikkeisoft,"- Hà Nội: tòa Vinacomin Dương Đình Nghệ, Cầu Giấy",Nhân viên
Game Designer Content Hà Nội,Văn phòng đại diện NSTAGE INC tại thành phố Hà Nội,"- Hà Nội: đường Hoàng Đạo Thúy, phường Trung Hòa, Cầu Giấy",Nhân viên
Lập Trình Viên IOS,Công ty CP Giải pháp Thanh toán Việt Nam (VNPAY),"- Hà Nội: 22 Láng Hạ, Đống Đa",Nhân viên
Chuyên Viên Phân Tích Nghiệp Vụ Business Analyst,Công ty TNHH Tổng công ty Công nghệ & Giải pháp CMC,"- Hà Nội: 11 Duy Tân, Dịch Vọng Hậu, Cầu Giấy",Nhân viên
C/C++ Developer,CÔNG TY TNHH KỸ SƯ CÔNG NGHỆ CAO VN,"- Hà Nội: 48 Tố Hữu, Nam Từ Liêm, Trung Văn, Nam Từ Liêm",Nhân viên
Net Developer,CÔNG TY CỔ PHẦN PARALINE SOFTWARE,"- Hà Nội: 71 Ngô Sỹ Liên, Đống Đa",Trưởng nhóm
Quản Lý Dự Án,Công ty TNHH Horus Productions,"- Hà Nội: tòa CT2D - VOV - Mễ Trì, Nam Từ Liêm",Nhân viên
Công Nghệ Thông Tin Tài Chính,Công ty Cổ phần Tập đoàn Đầu tư EMIR,"- Hà Nội: Tòa nhà 789 Bộ Quốc Phòng, số 147 Hoàng Quốc Việt, Cầu Giấy",Trưởng/Phó phòng
Fresher Tester,BSS Group,"- Hà Nội: Vinaconex Diamond Tower, 459 C Bach Mai, Truong Dinh, Hai Ba Trung, Hanoi, Hai Bà Trưng",Nhân viên
Senior Business Analyst CRM,Công ty CP Kinh doanh F88,"- Hà Nội: 5 Nguyễn Thị Duệ, Cầu Giấy",Trưởng nhóm
Technical Lead,"TECHVIFY SOFTWARE., JSC","- Hà Nội: Tòa HUD Lê Văn Lương, Thanh Xuân",Trưởng nhóm
Nhân Viên QA Tiếng Nhật,CÔNG TY TNHH CÔNG NGHỆ AMCOLAB,"- Hà Nội: 8 Phạm Hùng , phường Mễ Trì TP Hà Nội, Việt Nam, Nam Từ Liêm",Trưởng nhóm
,BÁO ĐIỆN TỬ VNEXPRESS.NET,"- Hồ Chí Minh: Tầng 6, tòa nhà Exchange, Số 1 Nam Kỳ Khởi Nghĩa, Quận 1 - Hà Nội: Tầng 10, tòa FPT, số 10 Phạm Văn Bạch, Cầu Giấy",Trưởng nhóm
Manual Tester,CÔNG TY TNHH MỘT THÀNH VIÊN AN NINH MẠNG VIETTEL,"- Hà Nội: Keangnam Landmark 72, Phạm Hùng, Từ Liêm",Nhân viên
ReactJS Nodejs Full Stack Developer,Công ty Cổ phần Đầu tư và Phát triển Koolsoft,"- Hà Nội: 699 Vũ Tông Phan, Thanh Xuân",Nhân viên
System Admin,Viettel IDC,"- Hà Nội: Trung tâm Dữ liệu Pháp Vân, Hoàng Mai - Hà Nội: 85 Vũ Trọng Phụng, Thanh Xuân, Thanh Xuân",Nhân viên
Software Engineer Hà Nội,CÔNG TY CỔ PHẦN ĐIỆN TỬ SOJI,"- Hà Nội: C50-LK13, No 09, KĐT Geleximco Lê Trọng Tấn, Dương Nội, Hà Đông, Hà Đông",Nhân viên
Lập Trình Viên Android,CÔNG TY CỔ PHẦN CÔNG NGHỆ ORECA,"- Hà Nội: Tầng 3, tháp 1-2 tòa nhà Dolphin Plaza, số 28 đường Trần Bình, phường Mỹ Đình 2, Nam Từ Liêm",Nhân viên
Project Manager,AMIGO,"- Hà Nội: Tầng 10, Tòa nhà IPH, 241 Xuân Thủy, phường Dịch vọng Hậu, Cầu Giấy",Nhân viên
,2NF Software,"- Hà Nội: Tòa 3A ngõ 82 Duy Tân, Cầu Giấy",Nhân viên
Project Manager,CÔNG TY TNHH SAMSUNG SDS VIỆT NAM,"- Hà Nội: Tòa PVI, Số 1 Phạm Văn Bạch, Yên Hòa, Cầu Giấy",Trưởng/Phó phòng
Artist,CÔNG TY CỔ PHẦN SABO GAME,"- Hà Nội: Số 53 ngõ 155 Nguyễn Khang, Cầu Giấy",Nhân viên
Software Engineer Kỹ Sư Cầu Nối Tiếng Hàn,Công Ty TNHH LG CNS VIỆT NAM,"- Hà Nội: Tầng 15, Keangnam Landmark 72, Nam Từ Liêm",Nhân viên
System Administrator,CÔNG TY CỔ PHẦN ĐẦU TƯ VÀ PHÁT TRIỂN CÔNG NGHỆ TRUYỀN THÔNG NAM VIỆT,"- Hà Nội: Tầng 6, Tháp B Tòa Central Point 219 Trung Kính, Yên Hòa, Cầu Giấy, Cầu Giấy",Nhân viên
Công Nghệ Thông Tin,Công ty Cổ phần Tập đoàn Công nghệ Thiên Hoàng,"- Hà Nội: Tầng 22 tòa nhà Viwaseen, số 48 Tố Hữu, Trung Văn, Nam Từ Liêm, Nam Từ Liêm",Trưởng nhóm
Scrum Master,CÔNG TY TNHH GEMCOMMERCE,"- Hà Nội: Tòa Artemis, số 3 Lê Trọng Tấn, Thanh Xuân",Quản lý / Giám sát
Data Analyst,CÔNG TY CỔ PHẦN CÔNG NGHỆ ALPHAWAY,- Hà Nội,Trưởng nhóm
IT Sales Executive,Tek Experts Vietnam,"- Hà Nội: Lotte Center, Ba Đình",Nhân viên
Game Tester,Winter Wolf - IEC Games,"- Hà Nội: Hoàng Đạo Thuý, phường Trung Hoà, Cầu Giấy",Nhân viên
IT Support,CÔNG TY CỔ PHẦN STRINGEE,"- Hà Nội: Tầng 17 VP 2, Tòa nhà Sunsquare, 21 Lê Đức Thọ, Nam Từ Liêm",Nhân viên
Product Owner,CÔNG TY CỔ PHẦN TRUYỀN THÔNG VÀ GIẢI TRÍ HG MEDIA,"- Hà Nội: Số 49 Trung Liệt, Đống Đa",Nhân viên
Manual Tester,CÔNG TY CỔ PHẦN CÔNG NGHỆ ALPHAWAY,- Hà Nội,Trưởng nhóm
Manual Tester Dự Án Tài Chính,Công ty Cổ phần Công nghệ Alphaway,"- Hà Nội: Tòa nhà MB Bank , Số 21 Cát Lin, Đống Đa - Hà Nội: Tầng 6, Tòa nhà Tràng An Complex, số 1 Phùng Chí Kiên, Cầu Giấy, Cầu Giấy - Hà Nội: Tòa Capital Building, 58C Kim Mã, Ba Đình, Ba Đình",Trưởng nhóm
IT Business Analyst,Ngân hàng TMCP Hàng Hải Việt Nam (MSB),"- Hà Nội: Hội sở MSB, Đống Đa",Nhân viên
Data Engineer Bank,Công ty TNHH Giải pháp Phân tích dữ liệu Insight Data,"- Hà Nội: 79 Dịch Vọng Hậu, Cầu Giấy, Cầu Giấy",Trưởng nhóm
Software Engineer,"TECHVIFY SOFTWARE., JSC","- Hà Nội: Tầng 9, tháp A, tòa HUDTOWER, số 37 Lê Văn Lương, Phường Nhân Chính, Thanh Xuân",Trưởng nhóm
Backend Developer IT,ORBRO Inc.,- Hà Nội: Cầu Giấy,Nhân viên
Chuyên Viên Phân Tích Nghiệp Vụ BA,CÔNG TY CỔ PHẦN TƯ VẤN CÔNG NGHỆ NGS,"- Hà Nội: 6th Element Nguyễn Văn Huyên, KĐT Tây Hồ Tây, Tây Hồ - Hà Nội: 6th Element Nguyễn Văn Huyên, phường Nghĩa Đô, Cầu Giấy",Trưởng nhóm
Product Owner,CÔNG TY CỔ PHẦN UNISOFT GLOBAL,- Hà Nội: Cầu Giấy,Nhân viên
Flutter Developer,Công ty Cổ phần Giải pháp NETKO,"- Hà Nội: Tòa nhà Minh Thu building, ô số 48, khu C, đường Phú Mỹ, Phường Từ Liêm, Nam Từ Liêm",Nhân viên
Fresher Web Developer,Công ty Cổ phần MISA,"- Hà Nội: Tòa N03T1 Ngoại Giao Đoàn, Xuân Tảo, Bắc Từ Liêm",Thực tập sinh
Phát Triển Phần Mềm,CÔNG TY CỔ PHẦN CÔNG NGHỆ THÔNG MINH OXII,"- Hà Nội: 9A Thanh Liệt, Thanh Trì",Trưởng/Phó phòng
Chuyên Viên Kiểm Thử Manual Tester,CÔNG TY TNHH NEO TALENT,"- Hà Nội: 18 Tuệ Tĩnh, Hai Bà Trưng",Trưởng nhóm
Trưởng Nhóm Phát Triển Sản Phẩm,Công ty Cổ phần Công nghệ DTT,"- Hà Nội: Tòa nhà Detech số 8 Tôn Thất Thuyết, Nam Từ Liêm",Trưởng nhóm
,CÔNG TY CỔ PHẦN HOSCO VIỆT NAM,"- Hà Nội: 58 Lưu Hữu Phước, Cầu Diễn, Nam Từ Liêm",Thực tập sinh
AI Engineer,FPT Smart Cloud (FCI),"- Hà Nội: Toà FPT Tower, số 10 , Phạm Văn Bạch, Dịch Vọng Hậu, Cầu Giấy",Trưởng nhóm
Nhân Viên Quản Lý Chất Lượng,Viettel IDC,"- Hà Nội: 85 Vũ Trọng Phụng, Thanh Xuân, Thanh Xuân",Nhân viên
Technical Lead Java Python,CÔNG TY TNHH VERISERVE VIỆT NAM,"- Hà Nội: Tầng 23 & Tầng 26 tòa nhà Handico Phạm Hùng, Mễ Trì, Nam Từ Liêm, Nam Từ Liêm",Nhân viên
Senior Business Analyst Chuyên Viên Phân Tích Nghiệp Vụ Quản Lý Sản Xuất,Công ty Cổ phần MISA,"- Hà Nội: Tòa N03T6 Ngoại Giao Đoàn - Xuân Tảo, Bắc Từ Liêm",Nhân viên
Chuyên Viên Quản Trị Hệ Thống,CÔNG TY CỔ PHẦN TẬP ĐOÀN MIK GROUP VIỆT NAM,"- Hà Nội: Tầng 6, tòa nhà Hồng Hà, 25 Lý Thường Kiệt, Hoàn Kiếm",Nhân viên
Unity Developer,Công ty Cổ phần Falcon Technology,"- Hà Nội: Tòa Rivera Park, 69 Vũ Trọng Phụng, Thanh Xuân",Nhân viên
Nhân Viên Tester,Công ty CP Giải pháp Thanh toán Việt Nam (VNPAY),"- Hà Nội: 22 Láng Hạ, Phường Láng, Đống Đa",Nhân viên
Fullstack Developer Nodejs,CÔNG TY CỔ PHẦN CÔNG NGHỆ GIÁO DỤC THÀNH PHÁT,"- Hà Nội: Tầng 7 – Tòa Nhà Intracom – 82 Dịch vọng Hậu, Cầu Giấy",Nhân viên
Product Owner,Công ty Cổ phần Infinity Technologies Global,"- Hà Nội: Tòa nhà Đồng Lợi, số 2 ngõ 1160 Đường Láng, Láng Thượng, Đống Đa",Nhân viên
Fullstack Developer,CÔNG TY TNHH HORUS PRODUCTIONS,"- Hà Nội: Tầng 2 tòa VOV Mễ Trì, Nam Từ Liêm",Trưởng nhóm
NET Developer,Công ty Cổ phần Công nghệ KiotViet,"- Hà Nội: 1A Yết Kiêu - Phường Cửa Nam, Hoàn Kiếm",Nhân viên
Business Analyst,Công ty Cổ phần Đầu tư Mobino,"- Hà Nội: 31 Thọ Tháp, Cầu Giấy",Nhân viên
Kỹ Sư Cầu Nối BrSE Bridge Engineer BrSE Tiếng Nhật,Công ty Cổ phần Tổng hợp Việt Nhật (Vinicorp),"- Hà Nội: Tầng 14, tòa ICON4 tower, số 243A La Thành, phường Láng, Đống Đa",Nhân viên
Frontend Developer ReactJS,CÔNG TY TNHH PHÁT TRIỂN CÔNG NGHỆ LAYOUTHUB,"- Hà Nội: Tầng 6, số 68 Khúc Thừa Dụ, Dịch Vọng, Cầu Giấy",Nhân viên
Nhân Viên Kỹ Thuật Máy Tính,CÔNG TY CỔ PHẦN THƯƠNG MẠI VÀ DỊCH VỤ THÀNH BẮC,"- Hà Nội: ngõ 409 Tam Trinh, Hoàng Mai - Bắc Giang: số 2 Xương Giang, TP Bắc Giang - Đà Nẵng: Số 59 Trần Phú, Hải Châu",Nhân viên
Chuyên Viên Vận Hành,SHBFinance,"- Hà Nội: Tòa nhà Gelex, 52 Lê Đại Hành, Hai Bà Trưng",Nhân viên
IT Comtor Tiếng Hàn,CÔNG TY CỔ PHẦN CÔNG NGHỆ UPP TOÀN CẦU,"- Hà Nội: Tòa Web3, Số 15 Ngõ 4, Duy Tân, Dịch Vọng Hậu, Cầu Giấy, Cầu Giấy",Nhân viên
Quản Trị Dự Án,Công ty cổ phần Bateco Việt Nam,"- Hà Nội: Toà Bateco Building, Lô B44, Khu đấu giá 3Ha, Phúc Diễn, Bắc Từ Liêm, Bắc Từ Liêm",Nhân viên
Data Engineer,CÔNG TY CỔ PHẦN CÔNG NGHỆ AN NINH MẠNG QUỐC GIA VIỆT NAM,"- Hưng Yên: Trung Hòa, Yên Mỹ - Hà Nội: Thanh Xuân",Nhân viên
Lập Trình Viên Backend PHP,CÔNG TY CỔ PHẦN TRUYỀN THÔNG VĂN HOÁ VIỆT,"- Hà Nội: Xuân La, Tây Hồ",Trưởng nhóm
Project Manager,CÔNG TY CỔ PHẦN GLOBAL TECHNOLOGY SOLUTIONS VIỆT NAM,- Hà Nội: Cầu Giấy,Trưởng/Phó phòng
Fullstack Developer,CÔNG TY TNHH SAMSUNG SDS VIỆT NAM,"- Hà Nội: Tòa PVI, Số 1 Phạm Văn Bạch, Yên Hòa, Cầu Giấy",Nhân viên
Business Analyst,TỔNG CÔNG TY CỔ PHẦN BƯU CHÍNH VIETTEL,"- Hà Nội: Đường Duy Tân, Phường Dịch Vọng Hậu, Cầu Giấy",Nhân viên
Trưởng Phòng Kỹ Thuật,CÔNG TY TNHH ONELINK TECHNOLOGY (VIỆT NAM),"- Hà Nội: 15-TM1A-1, Khu Đô Thị Nam Đường Vành Đai 3, Phường Định Công, Hoàng Mai",Trưởng/Phó phòng
Customer Support,Tek Experts Vietnam,"- Hà Nội: Lotte Center, Ba Đình",Nhân viên
Security Engineer,CÔNG TY CỔ PHẦN PHÁT TRIỂN KỸ THUẬT SỐ KNT,"- Hà Nội: D29 Phạm Văn Bạch, Cầu Giấy",Nhân viên
Team Leader Hà Nội,CÔNG TY TNHH ACWORKS VIỆT NAM,"- Hà Nội: Tầng 5, toà nhà Diamond Flower, 48 Lê Văn Lương, Nhân Chính, Thanh Xuân",Trưởng/Phó phòng
,Công ty CP Giải pháp Thanh toán Việt Nam (VNPAY),"- Hà Nội: 97 Láng Hạ, Phường Đống Đa, Đống Đa",Nhân viên
Security Engineer,Công ty Cổ phần Công nghệ NexGen VN,"- Hà Nội: Số 15 ngõ 71 Nguyễn Thị Định, Trung Hòa, Cầu Giấy",Nhân viên
Product Manager,CÔNG TY CỔ PHẦN ZTO LABS,"- Hà Nội: NIC Hanoi, Ngõ 7 Tôn Thất Thuyết, Dịch Vọng Hậu, Cầu Giấy, Cầu Giấy",Trưởng nhóm
Project Manager Quản Lý Dự Án,Công ty cổ phần AppotaPay,"- Hà Nội: Tòa nhà 15+17, ngõ 81 Láng Hạ, Thành Công, Ba Đình",Quản lý / Giám sát
Kỹ Sư Vận Hành Devops Engineer,CÔNG TY CỔ PHẦN THƯƠNG MẠI & DỊCH VỤ MEDLATEC GROUP,"- Hà Nội: Số 270 Thụy Khuê, Tây Hồ",Nhân viên
Chuyên Viên Phân Tích Nghiệp Vụ BA PO Bank,Công Ty Cổ Phần GoGroup,"- Hà Nội: 37 lê văn lương, Cầu Giấy",Nhân viên
Python Developer,Công ty Cổ Phần Rikkeisoft,"- Hà Nội: Tòa Handico Phạm Hùng, Phường Mễ Trì, Nam Từ Liêm",Nhân viên
Frontend Developer,SonatGame Studio,"- Hà Nội: 265 Cầu Giấy, Cầu Giấy",Nhân viên
,Công ty Cổ phần Hệ thống Công nghệ ETC,"- Hà Nội: Tòa 319 Bộ Quốc Phòng, 63 Lê Văn Lương, Cầu Giấy, Cầu Giấy",Nhân viên
Nhân Viên Kỹ Thuật,Công ty TNHH Phân Phối Synnex FPT,"- Hà Nội: Yên Lãng, Đống Đa",Nhân viên
Developer VueJS JavaScript,Công Ty TNHH LG CNS VIỆT NAM,"- Hà Nội: Tầng 15, Keangnam Landmark 72, Nam Từ Liêm",Nhân viên
Backend Developer,Công ty Cổ phần Giải pháp Công nghệ Elsaga,- Hà Nội: Hà Đông,Nhân viên
BrSE,FPT Software,"- Hà Nội: FPT Building, 17 Duy Tân Str., Cầu Giấy District, Hanoi, Cầu Giấy - Hồ Chí Minh: F-Town 3, 3 Võ Chí Công, Phường Long Thạnh Mỹ Ho Chi Minh City, Vietnam, Thủ Đức - Đà Nẵng: Tòa Nhà FPT Complex, Ðường Nam Kỳ Khởi Nghĩa, Phường Hoà Hải TP.Ðà Nẵng, Ngũ Hành Sơn - Thừa Thiên Huế: The Manor Crown, 62 To Huu, Hue City, TP Huế ...và 1 địa điểm khác Thu gọn",Nhân viên
,Công ty Cổ phần Công nghệ và Tư vấn CIC,"- Hà Nội: 37 Lê Đại Hành, P. Lê Đại Hành, Hai Bà Trưng",Nhân viên
Business Analyst Tài Chính Kế Toán,CÔNG TY CỔ PHẦN BUCA,"- Hà Nội: Tòa nhà Hoa Anh Đào, ngõ 33 Lưu Hữu Phước, Nam Từ Liêm, Từ Liêm",Trưởng nhóm
Quản Trị Hệ Thống System Administrator,Công Ty Cổ Phần VCCorp,"- Hà Nội: Tầng 17, tòa nhà 24T2, số 85 Vũ Trọng Phụng, Thanh Xuân",Nhân viên
Senior .NET Developer,Công ty Cổ phần VNEXT SOFTWARE,- Hà Nội,Nhân viên
Giảng Viên Cơ Hữu,TRƯỜNG ĐẠI HỌC CÔNG NGHỆ ĐÔNG Á,"- Hà Nội: Đường Trịnh Văn Bô, Nam Từ Liêm",Nhân viên
System Administrator Quản Trị Hệ Thống,Công Ty Cổ Phần VCCorp,"- Hà Nội: Center Building, 85 Vũ Trọng Phụng,, Thanh Xuân",Nhân viên
Data Engineer,Công ty TNHH Công Nghệ và Thương Mại Lifesup,"- Hà Nội: 60 Hoàng Quốc Việt, Cầu Giấy",Trưởng nhóm
Kỹ Sư IT Hà Nội,CHI NHÁNH TẠI THÀNH PHỐ HÀ NỘI – CÔNG TY TNHH REERACOEN VIỆT NAM,- Hà Nội,Nhân viên
BrSE BA,CÔNG TY TNHH VERISERVE VIỆT NAM,"- Hà Nội: Tầng 23 & Tầng 26 tòa nhà Handico Phạm Hùng, Mễ Trì, Nam Từ Liêm, Nam Từ Liêm",Nhân viên
BrSE PO Tiếng Nhật,CÔNG TY CỔ PHẦN DEHA VIỆT NAM,"- Hà Nội: Tòa nhà Sông Đà, Phạm Hùng, Mỹ Đình 1, Nam Tu Liem, Ha Noi, Nam Từ Liêm",Nhân viên
Python Developer,Công ty Cổ phần JVB Việt Nam,"- Hà Nội: Tòa Roman Plaza, Tố Hữu, Nam Từ Liêm",Nhân viên
Unity Developer,SonatGame Studio,"- Hà Nội: Tầng 10 - Tòa The West - 265 Cầu Giấy, Cầu Giấy",Nhân viên
Front End Developer ReactJS Angular,CÔNG TY CỔ PHẦN BUCA,"- Hà Nội: Tòa nhà Hoa Anh Đào, ngõ 33 Lưu Hữu Phước, Nam Từ Liêm, Từ Liêm",Nhân viên
Chuyên Viên Vận Hành Hệ Thống ERP,Công ty TNHH TM & XNK Nhất Lâm,"- Hà Nội: H18+19 Ngõ 68 Trung Kín, Cầu Giấy",Nhân viên
Chuyên Viên Phân Tích Nghiệp Vụ,Công ty Cổ phần Tập đoàn Karofi,"- Hà Nội: 117 Trần Duy Hưng - Tòa Charmvit Tower - Cầu Giấy, Cầu Giấy",Trưởng nhóm
Data Engineer,Công ty Cổ phần Tập đoàn Meey Land,"- Hà Nội: 97-99 Láng Hạ, Đống Đa",Trưởng nhóm
Data Engineer Dự Án Banking,CÔNG TY CỔ PHẦN PARALINE SOFTWARE,"- Hà Nội: 79 Dịch Vọng Hậu, Cầu Giấy",Trưởng nhóm
,Công ty TNHH LTS Global Digital Services,"- Hà Nội: 30/304 Hồ Tùng Mậu, Bắc Từ Liêm, Bắc Từ Liêm",Nhân viên
Kỹ Sư Giải Pháp Phần Mềm Software Developer Hà Nội,CÔNG TY CỔ PHẦN DỊCH  VỤ CÔNG NGHỆ TIN HỌC HPT,"- Hà Nội: Số 1 Thái Hà, Phường Trung Liệt, Đống Đa",Nhân viên
Fullstack,CÔNG TY TNHH TÍCH HỢP CRM,"- Hà Nội: tầng 5, toà nhà AC Building, số 3 ngõ 78 Duy Tân, Cầu Giấy",Nhân viên
System Admin,VNDIRECT,"- Hà Nội: 43 Lê Văn Lương, Thanh Xuân",Nhân viên
Frontend Developer Bank,Công ty TNHH Giải pháp Phân tích dữ liệu Insight Data,"- Hà Nội: 19-21 Vũ Trọng Phụng, Thanh Xuân, Thanh Xuân",Trưởng nhóm
Chuyên Viên Phân Tích Dữ Liệu Senior Business Analyst Tài Chính Ngân Hàng,Công ty Cổ Phần Giải Pháp Quản Lý SSG,"- Hà Nội: Số 18 Lê Văn Lương, Yên Hòa, Cầu Giấy, Thanh Xuân",Nhân viên
Nhân Viên Vận Hành,Công ty cổ phần dịch vụ và giải pháp công nghệ giáo dục PHX,"- Hà Nội: Nguyễn văn Trác - Yên Nghĩa - Hà Đông, Hà Đông",Nhân viên
2D UI/UX Artist Game,CÔNG TY TNHH CÔNG NGHỆ NHẬN THỨC MÁY HORUS AI,"- Hà Nội: tòa Ct2D, VOV, Mễ Trì, Nam Từ Liêm, Nam Từ Liêm",Nhân viên
,Cty Cổ phần Blueco toàn cầu,"- Hà Nội: Duy Tân, Cầu Giấy",Nhân viên
Thực Tập Sinh Kỹ Sư Cầu Nối BrSE,CÔNG TY TNHH BZCOM,"- Hà Nội: B5/D7 Ngõ 25 Thọ Tháp, P Dịch Vọng, Cầu Giấy",Thực tập sinh
Devops Engineer,"TECHVIFY SOFTWARE., JSC","- Hà Nội: Tầng 9, tháp A, tòa HUDTOWER, số 37 Lê Văn Lương, Phường Thanh Xuân, Thanh Xuân",Nhân viên
,FPT Software,"- Hà Nội: FPT Building, 17 Duy Tân Str., Cầu Giấy District, Hanoi, Cầu Giấy",Trưởng/Phó phòng
,Công Ty Cổ Phần Thương Mại Cơ Khí Và Xây Dựng Việt Nhật,"- Hà Nội: Khu đô thị Louis City, Phường Đại Mỗ, Nam Từ Liêm",Nhân viên
Manual Tester QA/QC,Ngân hàng TMCP Hàng Hải Việt Nam (MSB),"- Hà Nội: Hội sở MSB, Đống Đa",Nhân viên
Fullstack Web Developer Python Reactjs,CÔNG TY TNHH MUMESOFT INNOVATION,"- Hà Nội: Tầng 6, số 12 Mễ Trì Hạ, phường Mễ Trì, Nam Từ Liêm",Trưởng nhóm
Business Analyst Intern,FPT Smart Cloud (FCI),"- Hà Nội: FPT Tower, số 10 Phạm Văn Bạch, Cầu Giấy",Trưởng nhóm
An Toàn Thông Tin,CÔNG TY CỔ PHẦN CHỨNG KHOÁN DẦU KHÍ (PSI),"- Hà Nội: Tầng 2 Tòa nhà Hanoitourist, số 18 Lý Thường Kiệt, Hoàn Kiếm",Nhân viên
IT Comtor Tiếng Nhật,CÔNG TY TNHH ZINZA TECHNOLOGY,"- Hà Nội: Tầng 3 Hoàng Ngọc Tower, Lô C2C, ngõ 72 Trần Thái Tông, Phường Dịch Vọng Hậu Thành phố Hà Nội, Việt Nam, Cầu Giấy",Nhân viên
Data Engineer,Công ty Cổ phần Hệ thống Công nghệ ETC,"- Hà Nội: Tòa 319 Bộ Quốc Phòng, 63 Lê Văn Lương, Cầu Giấy, Cầu Giấy",Nhân viên
Quality Assurance,FPT Software,"- Hà Nội: F-Ville 1, Khu CNC Hòa Lạc (có xe đưa đón)., Thạch Thất",Thực tập sinh
Kỹ Sư,CÔNG TY TNHH TECHVICO,"- Hà Nội: Tầng 4, Tòa Tâm Bình, số 59, ngõ 5 phố Láng Hạ, Phường Thành Công, Ba Đình",Nhân viên
Nhân Viên Kiểm Thử Phần Mềm Tester,CÔNG TY CỔ PHẦN GIẢI PHÁP CÔNG NGHỆ NEWWAY,"- Hà Nội: Tầng 4, Số 74 Hồ Đền Lừ, Phường Hoàng Mai, Hoàng Mai",Nhân viên
Backend Developer,CÔNG TY TNHH CÔNG NGHỆ THÔNG TIN VÀ VIỄN THÔNG DOLPHIN,"- Hà Nội: 81 Lê Đức Thọ,Mỹ Đình, Nam Từ Liêm",Nhân viên
Engineer,Công ty cổ phần Tasco,- Hà Nội: Nam Từ Liêm,Trưởng nhóm
Business Analyst,FPT Software,"- Hồ Chí Minh: F-Town 3, 3 Võ Chí Công, Phường Long Thạnh Mỹ Ho Chi Minh City, Vietnam, Thủ Đức - Hà Nội: Tòa nhà FPT Cầu Giấy, phố Duy Tân, phường Cầu Giấy, Thành phố Hà Nội, Việt Nam, Cầu Giấy - Đà Nẵng: Tòa nhà FPT Complex, đường Nam Kỳ Khởi Nghĩa, phường Ngũ Hành Sơn, Thành phố Đà Nẵng, Việt Nam, Ngũ Hành Sơn - Thừa Thiên Huế: The Manor Crown, 62 To Huu, Hue City, TP Huế ...và 1 địa điểm khác Thu gọn",Nhân viên
,CÔNG TY CỔ PHẦN GIẢI PHÁP TỰ ĐỘNG HÓA KỸ THUẬT VIỆT NAM (AES VIỆT NAM),"- Hà Nội: Villa M10 - L17, Khu A, KĐT Dương Nội, P. La Khê Hà Nội, Vietnam., Hà Đông",Thực tập sinh
Thực Tập Sinh,CÔNG TY CỔ PHẦN CÔNG NGHỆ AN NINH MẠNG QUỐC GIA VIỆT NAM,"- Hưng Yên: Yên Mỹ, Yên Mỹ - Hà Nội: Điểm xe đưa đón tại Nguyễn Tuân, Thanh Xuân",Thực tập sinh
Python Developer,Công ty Cổ Phần Rikkeisoft,"- Hà Nội: tòa Vinacomin Dương Đình Nghệ, Cầu Giấy",Nhân viên
Trưởng Nhóm Kiểm Thử,CÔNG TY CỔ PHẦN DỊCH  VỤ CÔNG NGHỆ TIN HỌC HPT,"- Hà Nội: Tầng 10, Tòa nhà Việt, Số 1 Thái Hà, Đống Đa",Trưởng nhóm
Lập Trình Viên Android,Công ty CP Giải pháp Thanh toán Việt Nam (VNPAY),"- Hà Nội: 22 Láng Hạ, Phường Láng, Đống Đa",Nhân viên
Kỹ Sư Vận Hành Hệ Thống,Nitori Furniture Vietnam EPE,"- Hà Nội: Lô 35, KCN Quang Min, Mê Linh",Nhân viên
Kỹ Sư Kiểm Thử Phần Mềm QA Tester,CÔNG TY TNHH MỘT THÀNH VIÊN AN NINH MẠNG VIETTEL,"- Hà Nội: Keangnam Landmark 72, Phạm Hùng, Từ Liêm",Nhân viên
Flutter Developer Banking,Công ty Cổ phần Công nghệ Alphaway,"- Hà Nội: 72 Trần Hưng Đạo, Hoàn Kiếm, Hoàn Kiếm",Trưởng nhóm
Frontend Developer,CÔNG TY TNHH NEO TALENT,"- Hà Nội: Duy Tân, Cầu Giấy",Trưởng nhóm
Senior Java Developer,CÔNG TY CỔ PHẦN CÔNG NGHỆ VI MÔ,"- Hà Nội: Tòa VTC Online - số 18 Tam Trinh, Hai Bà Trưng",Nhân viên
,CÔNG TY CỔ PHẦN GIẢI PHÁP CÔNG NGHỆ VIỆT NAM,"- Hà Nội: Số 2 Nguyễn Hoàng, Nam Từ Liêm, Nam Từ Liêm",Nhân viên
Android Developer,"VĂN PHÒNG KOTRA, ĐẠI SỨ QUÁN HÀN QUỐC","- Hà Nội: o 27th Floor, East Tower, Lotte Center Hanoi, 54 Lieu Giai, Ba Đình",Nhân viên
Nhân Viên Kỹ Thuật,Công Ty Cổ Phần Đầu Tư Công Nghệ Hacom,"- Hà Nội: Số 131 Lê Thanh Nghị - Hai Bà Trưng, Hai Bà Trưng - Hà Nội: Số 38 Thành Trung - Gia Lâm, Gia Lâm - Bắc Ninh: Số 299 Minh Khai - Từ Sơn, Từ Sơn - Hồ Chí Minh: 478 Cách Mạng Tháng 8 - Nhiêu Lộc, Quận 3 ...và 1 địa điểm khác Thu gọn",Nhân viên
Fresher Tester,Công ty Cổ phần đầu tư Công Nghệ và Thương Mại Softdreams,"- Hà Nội: Trụ sở chính: Nhà khách ATS, số 8 Phạm Hùng, Phường Mễ Trì, Nam Từ Liêm - Hà Nội: Cầu Giấy",Nhân viên
Chuyên Viên Giám Sát,Công ty TNHH Thu phí tự động VETC,"- Hà Nội: Tasco building, số 2 Phạm Hùng, Nam Từ Liêm",Nhân viên
Kiểm Thử Game,Công ty cổ phần HIGAME,"- Hà Nội: Tầng 6, Tòa văn phòng 2, Tòa nhà Sun Square 21 Lê Đức Thọ, Nam Từ Liêm",Nhân viên
System Administrator Quản Trị Hệ Thống,Công Ty Cổ Phần VCCorp,"- Hà Nội: Toà 21T2, 83 Vũ Trọng Phụng, Thanh Xuân Trung, Thanh Xuân, Thanh Xuân",Nhân viên
Product Owner Finance,Công Ty Cổ Phần Aggregatori Capaci,"- Hà Nội: 5BT2, khu đô thị Mễ Trì Hạ, Mễ Trì, Nam Từ Liêm",Nhân viên
Tech Lead,CÔNG TY TNHH MUMESOFT INNOVATION,"- Hà Nội: Tầng 6, số 12 Mễ Trì Hạ, phường Mễ Trì, Nam Từ Liêm",Trưởng nhóm
Software Engineer,Công Ty TNHH Avepoint Việt Nam,"- Hà Nội: 4th floor, Artemis Building, 3 Le Trong Tan Street, Khuong Mai Ward, Thanh Xuân - Đà Nẵng: 2F Vinh Trung Plaza, No. 255-257 Hung Vuong, Vinh Trung, Thanh Khê",Nhân viên
Business Analyst IT,Công ty TNHH Fetek Việt Nam,"- Hà Nội: số 8 ngõ 30 Nguyễn Thị Định, Trung Hoà, Cầu Giấy",Trưởng nhóm
Nhân Viên Phân Tích Nghiệp Vụ Công Nghệ Thông Tin BA Hà Nội,Công ty cổ phần Đầu tư Bất động sản Hapulico,"- Hà Nội: Tòa nhà Hapulico – Center Building, số 85 Vũ Trọng Phụng, Thanh Xuân",Nhân viên
Lập Trình Viên Mobile,Công ty Cổ phần Tập đoàn Công nghệ Thiên Hoàng,"- Hà Nội: Tầng 22 tòa nhà Viwaseen, số 48 Tố Hữu, Trung Văn, Nam Từ Liêm, Nam Từ Liêm",Trưởng nhóm
Lập Trình Viên .Net,CÔNG TY TNHH CÔNG NGHỆ EZCLOUD TOÀN CẦU,"- Hà Nội: Tầng 8, Toà nhà Ladeco, 266 Đội Cấn, Ba Đình",Nhân viên
Nhân Viên Phân Tích Nghiệp Vụ,CÔNG TY CỔ PHẦN DỊCH VỤ DI ĐỘNG THỂ HỆ MỚI (NMS),"- Hà Nội: Toà nhà Mỹ Đình Plaza 1, 138 Trần Bình, Nam Từ Liêm",Trưởng nhóm
Unity Developer Hà Nội,Công ty cổ phần công nghệ Skymare,"- Hà Nội: Tòa nhà Nam Anh - 68/116 Nhân Hòa - Nhân Chính, Thanh Xuân",Nhân viên
Engineer,FPT Software,"- Hà Nội: Tòa nhà FPT Cầu Giấy, phố Duy Tân, phường Cầu Giấy, Thành phố Hà Nội, Việt Nam, Cầu Giấy",Nhân viên
Account Manager,Công ty TNHH Pancake Việt Nam,"- Hà Nội: Tầng 3 ,Toà F-Zone ,Vinhomes Smart City, phường Tây Mỗ, Nam Từ Liêm",Nhân viên
Business Analyst Bank,Công ty TNHH Giải pháp Phân tích dữ liệu Insight Data,"- Hà Nội: Dịch Vọng Hậu, Cầu Giấy, Thanh Xuân",Trưởng nhóm
Flutter Developer,Công ty Cổ phần Công nghệ KiotViet,"- Hà Nội: 1A Yết Kiêu - Phường Cửa Nam, Hoàn Kiếm",Nhân viên
Solution Engineer,"TECHVIFY SOFTWARE., JSC","- Hà Nội: tòa HUDTOWER, số 37 Lê Văn Lương, Phường Thanh Xuân, Thanh Xuân",Trưởng nhóm
Mobile Developer IOS,CÔNG TY CỔ PHẦN CÔNG NGHỆ ALPHAWAY,- Hà Nội,Trưởng nhóm
Phát Triển Sản Phẩm Product Owner Project Manager,CÔNG TY TNHH GIẢI PHÁP CÔNG NGHỆ TRIPLAYZ,"- Hà Nội: 03 Lê Văn Hưu, P.Phạm Đình Hổ, Hai Bà Trưng",Nhân viên
Lập Trình Viên Mobile Mobile Developer Tài Chính,Công ty Cổ phần Tập đoàn Đầu tư EMIR,"- Hà Nội: Tòa nhà 789 Bộ Quốc Phòng, số 147 Hoàng Quốc Việt, Cầu Giấy",Nhân viên
Quản Trị Dự Án,Công Ty Cổ Phần Đầu Tư Và Phát Triển Công Nghệ Proxglobal,"- Hà Nội: 60B Nguyễn Huy Tưởng, Thanh Xuân Trung, Thanh Xuân",Nhân viên
BrSE,CÔNG TY TNHH SYSTEMEXE VIỆT NAM,"- Hồ Chí Minh: Tòa nhà E-town, 364 Cộng Hòa, Phường 13, Tân Bình - Hà Nội: Tòa nhà HITC, số 239 Xuân Thủy, Phường Dịch Vọng Hậu, Cầu Giấy - Đà Nẵng: Tòa nhà Camelia, số 773 Ngô Quyền, Phường An Hải, Sơn Trà",Nhân viên
Chuyên Viên Triển Khai Phần Mềm Đống Đa Solution Consultant,CÔNG TY CỔ PHẦN LUKLAK,"- Hà Nội: LUKLAK 168 Xã Đàn 2 (đường ven hồ), P. Nam Đồng, Đống Đa",Nhân viên
Mobile Developer Java,CÔNG TY TNHH SAMSUNG SDS VIỆT NAM,"- Hà Nội: Tòa PVI, Số 1 Phạm Văn Bạch, Yên Hòa, Cầu Giấy",Nhân viên
