Jobs Count,count
- Hà Nội,25
- Hà Nội: Cầu Giấy,14
"- Hà Nội: Tasco Building, HH2-2, Phạm Hùng, Nam Từ Liêm",10
"- Hà Nội: Keangnam Landmark 72, Phạm Hùng, Từ Liêm",9
"- Hà Nội: 1A Yết Kiêu - Phường Cửa Nam, Hoàn Kiếm",8
"- Hà Nội: Duy Tân, Cầu Giấy",7
"- Hà Nội: 22 Láng Hạ, Phường Láng, Đống Đa",7
"- Hà Nội: Tầng 6, số 12 Mễ Trì Hạ, phường Mễ Trì, Nam Từ Liêm",7
"- Hà Nội: 97-99 Láng Hạ, Đống Đa",7
"- Hà Nội: 35 Lạc Trung, Hai Bà Trưng",5
"- Hà Nội: tòa Vinacomin Dương Đình Nghệ, Cầu Giấy",5
"- Hà Nội: Tòa PVI, Số 1 Phạm Văn Bạch, Yên Hòa, Cầu Giấy",5
- Hà Nội: Nam Từ Liêm,4
"- Hà Nội: Tầng 15, Keangnam Landmark 72, Nam Từ Liêm",4
"- Hà Nội: NIC Hanoi, Ngõ 7 Tôn Thất Thuyết, Dịch Vọng Hậu, Cầu Giấy, Cầu Giấy",4
"- Hà Nội: Tầng 4, tòa nhà Tây Hà, số 19 Tố Hữu, Nam Từ Liêm",4
"- Hà Nội: Số 5 Nguyễn Thị Duệ, Phường Yên Hòa, Cầu Giấy",4
"- Hà Nội: Tòa Roman Plaza, Tố Hữu, Nam Từ Liêm",4
- Hà Nội: Hai Bà Trưng,4
"- Hà Nội: Nguyễn Hoàng, Bắc Từ Liêm",4
"- Hà Nội: số 8 ngõ 30 Nguyễn Thị Định, Trung Hoà, Cầu Giấy",4
"- Hà Nội: FPT Tower, số 10 Phạm Văn Bạch, Cầu Giấy",4
"- Hà Nội: Tòa nhà HL, ngõ 82, Duy Tân, Cầu Giấy",4
"- Hà Nội: 21 Cát Linh, Đống Đa",4
"- Hà Nội: 18 Tuệ Tĩnh, Hai Bà Trưng",4
"- Hà Nội: Tòa 319 Bộ Quốc Phòng, 63 Lê Văn Lương, Cầu Giấy, Cầu Giấy",4
"- Hà Nội: Tòa AC Building, số 3 ngõ 78 Phố Duy Tân, Dịch Vọng Hậu, Cầu Giấy, Cầu Giấy",4
"- Hà Nội: Tầng 42 + 43, tòa nhà Keangnam Landmark 72 Phạm Hùng, Nam Từ Liêm",4
"- Hà Nội: Tầng 17 VP 2, Tòa nhà Sunsquare, 21 Lê Đức Thọ, Nam Từ Liêm",4
"- Hà Nội: Tầng 3, tòa nhà FLC Landmark Tower, đường Lê Đức Thọ, phường Mỹ Đình 2, Nam Từ Liêm",3
"- Hà Nội: Tòa Artemis, số 3 Lê Trọng Tấn, Thanh Xuân",3
"- Hà Nội: Tầng 2 tòa VOV Mễ Trì, Nam Từ Liêm",3
"- Hà Nội: Tầng 4, TTTM Hà Thành, 102 Thái Thịnh, Trung Liêt, Đống Đa, Đống Đa",3
"- Hà Nội: 5BT2, khu đô thị Mễ Trì Hạ, Mễ Trì, Nam Từ Liêm",3
"- Hà Nội: 6th Element Nguyễn Văn Huyên, KĐT Tây Hồ Tây, Tây Hồ - Hà Nội: 6th Element Nguyễn Văn Huyên, phường Nghĩa Đô, Cầu Giấy",3
"- Hà Nội: Tòa nhà Mỹ Đình Plaza, 138 Trần Bình, Nam Từ Liêm",3
"- Hà Nội: 110 Trần Phú - Hà Đông, Thanh Xuân",3
"- Hà Nội: Tòa Keangnam, Phạm Hùng, Nam Từ Liêm",3
"- Hà Nội: Tòa nhà FPT Cầu Giấy, phố Duy Tân, phường Cầu Giấy, Thành phố Hà Nội, Việt Nam, Cầu Giấy",3
"- Hà Nội: tòa Ct2D, VOV, Mễ Trì, Nam Từ Liêm, Nam Từ Liêm",3
"- Hà Nội: Tòa The Nine, số 9 Phạm Văn Đồng, Mai Dịch, Cầu Giấy",3
- Hà Nội: Thanh Xuân,3
"- Hà Nội: Tòa nhà Tasco, Lô HH2-2 đường Mỹ Đình, Từ Liêm",3
"- Hà Nội: Tầng 11, Toà Peakview, 36 Hoàng Cầu, Ô Chợ Dừa, Đống Đa",3
"- Hà Nội: Tầng 11, VCCI Tower, 09 Đào Duy Anh, Đống Đa",3
- Hà Nội: Hà Đông,3
"- Hà Nội: đường Hoàng Đạo Thúy, phường Trung Hòa, Cầu Giấy",3
"- Hà Nội: Lotte Center, Ba Đình",3
"- Hà Nội: 31 Thọ Tháp, Cầu Giấy",3
"- Hà Nội: 85 Vũ Trọng Phụng, Thanh Xuân, Thanh Xuân",3
"- Hà Nội: Tầng 22 tòa nhà Viwaseen, số 48 Tố Hữu, Trung Văn, Nam Từ Liêm, Nam Từ Liêm",3
"- Hà Nội: Toà nhà Mỹ Đình Plaza, 138 Trần Bình, Nam Từ Liêm",2
"- Hà Nội: Tòa nhà VTC Online, 18 Tam Trinh, Hai Bà Trưng",2
"- Hà Nội: 201 Cầu Giấy, Cầu Giấy",2
"- Hà Nội: Toà Center Building, 85 Vũ Trọng Phụng,, Thanh Xuân",2
"- Hà Nội: Tòa Mitec, Dương Đình Nghệ, Yên Hòa, Cầu Giấy, Cầu Giấy",2
"- Hà Nội: Tầng 5, Tòa Golden Park, 2 Phạm Văn Bạch, Yên Hòa, Cầu Giấy",2
"- Hà Nội: tòa CT2D - VOV - Mễ Trì, Nam Từ Liêm",2
"- Hà Nội: Tòa nhà Zen Tower, 12 Khuất Duy Tiến,Thanh Xuân Trung, Thanh Xuân, Thanh Xuân",2
"- Hà Nội: Tòa nhà Rivera Park, 69 Đ. Vũ Trọng Phụng, Thanh Xuân",2
"- Hà Nội: Tầng 3, Tòa Tháp Đông, Chung cư Học viện Quốc Phòng, Xuân La, Tây Hồ",2
"- Hà Nội: Tầng 3, TTTM Grand Plaza, Số 117 Trần Duy Hưng, Phường Trung Hòa, Cầu Giấy",2
"- Hà Nội: BT16B6-32, Làng Việt Kiều Châu Âu, P. Mộ Lao, Hà Đông",2
"- Hà Nội: Tòa nhà sông Đà, Phạm Hùng, Nam Từ Liêm",2
"- Hà Nội: Tòa VTC Online - số 18 Tam Trinh, Hai Bà Trưng",2
"- Hà Nội: 19-21 Vũ Trọng Phụng, Thanh Xuân, Thanh Xuân",2
"- Hà Nội: 81 Lê Đức Thọ,Mỹ Đình, Nam Từ Liêm",2
"- Hà Nội: Tòa The Nine, số 9 Phạm Văn Đồng, Mai Dịch, Cầu Giấy - Hồ Chí Minh: Tầng 8, Hưng Bình Tower, 669 Điện Biên Phủ, Phường 25, Bình Thạnh, Bình Thạnh",2
"- Hà Nội: Căn TT03 – 36, Khu đô thị MonCity, Nam Từ Liêm",2
"- Hà Nội: 37 Lê Đại Hành, P. Lê Đại Hành, Hai Bà Trưng",2
"- Hà Nội: H18+19 Ngõ 68 Trung Kín, Cầu Giấy",2
"- Hà Nội: Toà nhà Westpoint Tower Đỗ Đức Dục, Nam Từ Liêm, Nam Từ Liêm",2
"- Hà Nội: Tầng 8 Tòa nhà Hoa Cương, số 18 ngõ 11 Thái Hà, Trung Liệt, Đống Đa",2
"- Hà Nội: Tòa VOV Mễ Trì, Nam Từ Liêm, Nam Từ Liêm",2
"- Hà Nội: FPT Building, 17 Duy Tân Str., Cầu Giấy District, Hanoi, Cầu Giấy - Hồ Chí Minh: F-Town 3, 3 Võ Chí Công, Phường Long Thạnh Mỹ Ho Chi Minh City, Vietnam, Thủ Đức - Đà Nẵng: Tòa Nhà FPT Complex, Ðường Nam Kỳ Khởi Nghĩa, Phường Hoà Hải TP.Ðà Nẵng, Ngũ Hành Sơn - Thừa Thiên Huế: The Manor Crown, 62 To Huu, Hue City, TP Huế ...và 1 địa điểm khác Thu gọn",2
"- Hà Nội: Tầng 5, Tòa nhà Povilta, Lô B7&B8, Ngách 1, Ngõ 187 đường Nguyễn Tuân, Phường Nhân Chính, Thanh Xuân",2
"- Hà Nội: Tầng M, Yên Hòa ParkView, số 3 Vũ Phạm Hàm, Cầu Giấy",2
"- Hà Nội: Tầng 6, số 68 Khúc Thừa Dụ, Dịch Vọng, Cầu Giấy",2
"- Hà Nội: Tầng 4, số 11 ngõ 21 Lê Văn Lương, Nhân Chính, Thanh Xuân",2
"- Hà Nội: tòa Ladeco, số 266 Đội Cấn, Ba Đình",2
"- Hà Nội: CT2 Tràng An Complex, Số 1 Phùng Chí Kiên, Nghĩa Đô, Cầu Giấy, Cầu Giấy - Hưng Yên",2
"- Hà Nội: Tầng 10 - Tòa The West - 265 Cầu Giấy, Cầu Giấy",2
"- Hà Nội: Tầng 11 tòa nhà Hồ Gươm Plaza đường Trần Phú, Hà Đông",2
"- Hà Nội: Tòa 3A ngõ 82 Duy Tân, Cầu Giấy",2
"- Hà Nội: Tầng 4, toà HH2 Yên Hoà, đường Dương Đình Nghệ, Cầu Giấy",2
"- Hà Nội: Lê Ngọc Hân, Hai Bà Trưng, Hai Bà Trưng",2
"- Hà Nội: N03T1, Khu Ngoại Giao Đoàn, Bắc Từ Liêm",2
"- Hà Nội: Handico Tower, Phạm Hùng, Nam Từ Liêm",2
"- Hà Nội: Tầng 16-VP2, Tòa nhà Sun Square, số 21 lê Đức Thọ, Phường Mỹ Đình 2., Nam Từ Liêm",2
"- Hà Nội: 37 lê văn lương, Cầu Giấy",2
"- Hà Nội: Trung Hoà, Cầu Giấy, Cầu Giấy",2
"- Hà Nội: 96 Hoàng Ngân, Cầu Giấy",2
"- Hà Nội: Tầng 4- Số 11 Nguyễn Xiển - Thanh Xuân, Thanh Xuân",2
"- Hà Nội: Lê Văn Lương, Cầu Giấy",2
"- Hà Nội: Tòa VTVcab, 3/81 Ngọc Khánh, Ba Đình",2
"- Hà Nội: Tầng 4, Tòa Tâm Bình, số 59, ngõ 5 phố Láng Hạ, Phường Thành Công, Ba Đình",2
"- Hà Nội: HH2 Bắc Hà, Nhân Chính, Thanh Xuân",2
"- Hà Nội: Tầng 4, tòa nhà Stellar Garden số 35 Lê Văn Thiêm, Nhân Chín Hà Nộ, Thanh Xuân",2
"- Hà Nội: Số 38 phố Phan Đình Phùng, Ba Đình",2
"- Hà Nội: Tầng 16, tòa nhà Geleximco, 36 Hoàng Cầu, Ô Chợ Dừa, Đống Đa",2
"- Hà Nội: Tòa Diamond Flower, 48 Lê Văn Lương, Thanh Xuân",2
"- Hà Nội: số 12, ngõ 36 Xuân Thủy, Cầu Giấy",2
"- Hà Nội: Tầng 8, tòa nhà Ladeco, số 266 Đội Cấn,Phường Liễu Giai, Ba Đình",2
"- Hà Nội: 265 Cầu Giấy, Cầu Giấy",2
"- Hà Nội: Tầng 11, Tòa nhà Hồ Gươm Plaza,Trần Phú, Hà Đông",2
"- Hà Nội: Tầng 5, toà nhà Diamond Flower, 48 Lê Văn Lương, Nhân Chính, Thanh Xuân",2
"- Hà Nội: Số nhà 46 đường 23 Khu đô thị thành phố Giao lưu, Bắc Từ Liêm",2
"- Hà Nội: Số 49 Trung Liệt, Đống Đa",2
"- Hà Nội: FPT Building, 17 Duy Tân Str., Cầu Giấy District, Hanoi, Cầu Giấy",2
"- Hà Nội: Tòa nhà 789 Bộ Quốc Phòng, số 147 Hoàng Quốc Việt, Cầu Giấy",2
"- Hà Nội: Hội sở MSB, Đống Đa",2
"- Hà Nội: Tầng 23 & Tầng 26 tòa nhà Handico Phạm Hùng, Mễ Trì, Nam Từ Liêm, Nam Từ Liêm",2
"- Hà Nội: Tòa nhà Hoa Anh Đào, ngõ 33 Lưu Hữu Phước, Nam Từ Liêm, Từ Liêm",2
"- Hà Nội: Tòa HUD Lê Văn Lương, Thanh Xuân",2
"- Hà Nội: tòa nhà LADECO, số 266 Đội Cấn, Ba Đình",1
"- Hà Nội: 43 Quyết Thắng, Yên Nghĩa, Hà Đông, Bắc Từ Liêm",1
"- Hà Nội: Số 1, Ngõ 106 Đường Hoàng Quốc Việt, Tổ 60, Phường Nghĩa Tân, Cầu Giấy",1
"- Hà Nội: Số 5 BT2, Khu đô thị Mễ Trì Hạ, phường Mễ Trì, Nam Từ Liêm",1
"- Hà Nội: Tòa N03-T3, Khu Ngoại Giao Đoàn, Phường Xuân Đỉnh, Bắc Từ Liêm",1
"- Hà Nội: 97 Láng Hạ, Đống Đa",1
"- Hà Nội: Tòa A, Hateco Yên Sở, Hoàng Mai, Hoàng Mai",1
"- Hà Nội: 34 Nguyễn Khánh Toàn, Quan Hoa, Cầu Giấy, Cầu Giấy",1
"- Hà Nội: Đặng Tiến Đông, Đống Đa",1
"- Hà Nội: 48 Lê Văn Lương, Thanh Xuân",1
"- Hà Nội: Tầng 16, Tòa Hapulico Center Building, Số 85 Vũ Trọng Phụng, Thanh Xuân - Hồ Chí Minh: Viettel Complex, Cách Mạng Tháng 8, Phường 12 0, Tân Bình",1
"- Hà Nội - Hà Nội: Số 19 Tố Hữu, Nam Từ Liêm",1
"- Hà Nội: Tòa C5 - D'capitale, Trần Duy Hưng, Cầu Giấy",1
"- Hà Nội: Tòa nhà Detech 2 số 107 Nguyễn Phong Sắc, Cầu Giấy",1
"- Hà Nội - Hà Nội: 20 đức giang, Long Biên - Hà Nội: 19 lê văn lương, Cầu Giấy",1
"- Hà Nội: Tầng 7, số 8 Ngõ 21 Lê Văn Lương, Thanh Xuân, Thanh Xuân",1
"- Hà Nội: 36 Hoàng Cầu, Đống Đa",1
"- Hà Nội: tầng 27 tòa nhà Ellipse , Trần Phú, Hà Đông, Hà Đông",1
"- Hà Nội: No. 11–12, Lot 4, Bao Nhân Dân Area, Trinh Van Bo Street, Xuan Phuong Ward, Hanoi., Nam Từ Liêm",1
"- Hà Nội: Tầng 3, Diamond Flower, 48 Lê Văn Lương, Thanh Xuân",1
"- Hà Nội: Tòa 6th Element Nguyễn Văn Huyên, Cầu Giấy, Cầu Giấy",1
"- Đà Nẵng: 2F Vinh Trung Plaza, No. 255-257 Hung Vuong, Vinh Trung, Thanh Khê - Hà Nội: tầng 4, Số 3 Lê Trọng Tấn, Thanh Xuân",1
"- Hà Nội: Tầng 2 tháp A, Toà nhà Rivera Park, 69 Vũ Trọng Phụng, phường Thanh Xuân, Thanh Xuân",1
"- Hà Nội: 10 Phạm Văn Bạc, Cầu Giấy",1
"- Hà Nội: Tầng 10, tòa nhà 3D Center -số 3 Duy Tân, Cầu Giấy",1
"- Hà Nội: CIC Tower, 2/219 Trung Kín, Cầu Giấy",1
- Hà Nội: Nam Từ Liêm - Hà Nội: Hoài Đức,1
"- Hà Nội: 101 Láng Hạ, Đống Đa",1
"- Hà Nội: Tầng 5, toà 32C The Golden An Khánh, Hoài Đức",1
"- Hà Nội: Tòa nhà MB 18 Lê Văn Lương, Cầu Giấy - Hà Nội: 21 Cát Linh, Đống Đa",1
"- Hà Nội: tòa FPT Tower, số 10 Phạm Văn Bạch, Cầu Giấy",1
"- Hà Nội: Tầng 7 - số 6 ngõ 66a Triều Khúc, Thanh Xuân",1
"- Hà Nội: 170 Đê La Thành, Đống Đa",1
"- Hà Nội: 18 Lê Văn Lương, Trung Hòa, Cầu Giấy, Thanh Xuân",1
"- Hà Nội: 84C Nguyễn Thanh Bình, Hà Đông",1
"- Hà Nội: Sun City, 13 Hai Bà Trưng, Hoàn Kiếm, Hai Bà Trưng",1
"- Hà Nội: Tháp Tây, Chung cư học viện bộ Quốc phòng, Xuân La, Tây Hồ",1
"- Hà Nội: Hoàng Đạo Thuý, Cầu Giấy",1
"- Hà Nội: Linh Đàm, Hoàng Mai",1
"- Hà Nội: Tòa Nhà Kim Ánh, 78 Duy Tân, Cầu Giấy",1
"- Hà Nội: Lot 41A & B, Quang Minh IZ, Mê Linh",1
"- Hà Nội: 131 Thịnh Quang, Đống Đa",1
"- Hà Nội: Tầng 4 - Số 11 Nguyển Xiển - Thanh Xuân, Thanh Xuân",1
"- Hà Nội: IP3 Imperial Plaza 360 Giải Phóng, Phương Liệt, Thanh Xuân, Thanh Xuân",1
"- Hà Nội: Khu công nghệ cao Hòa Lạc, Thạch Thất",1
"- Hà Nội: Tầng 41, Landmark 72, Keangnam, Phạm Hùng, Nam Từ Liêm - Hồ Chí Minh: Tầng 28, Tòa Viettel Complex, CMT8, Quận 10",1
"- Hà Nội: Tòa Detech, số 8 Tôn Thất Thuyết, Nam Từ Liêm",1
"- Hà Nội: Tầng 3, Số 19, Ngõ 68, Quan Nhân,, Thanh Xuân",1
"- Hà Nội: Số 68 ngõ 72 Dương Khuê, Mỹ Đình 2, Nam Từ Liêm",1
"- Hà Nội: Tòa nhà TTC, số 19 Duy Tân, Dịch Vọng Hậu, Cầu Giấy",1
"- Hà Nội: KĐT Linh Đàm, Hoàng Mai",1
"- Hà Nội: HUDTOWER, số 37 Lê Văn Lương, Phường Thanh Xuân, Thanh Xuân",1
"- Hà Nội: Tòa Tasco, hh2-2 Phạm Hùng, Nam Từ Liêm",1
"- Hà Nội: Tầng 2, Tòa N09B2 Thành Thái, Dịch Vọng, Cầu Giấy",1
"- Hà Nội: 83 Trung Kính, Phường Trung Hòa, Cầu Giấy",1
"- Hà Nội: Tầng 6, tòa nhà Đồng Lợi, ngõ 1160 đường Láng, Láng Thượng, Đống Đa, Đống Đa",1
"- Hà Nội: 44 Lê Ngọc Hân, Hai Bà Trưng",1
"- Hà Nội: 89 Láng Hạ, Đống Đa",1
"- Hà Nội: Tòa Web3, Số 15 Ngõ 4 Duy Tân, Dịch Vọng Hậu, Cầu Giấy, Cầu Giấy",1
"- Hà Nội: 106 Hoàng Quốc Việt, Cầu Giấy",1
"- Hà Nội: Số 11, Duy Tân, Tòa Nhà CMC, Cầu Giấy",1
"- Hà Nội: Linh đàm, Hoàng Mai",1
"- Hà Nội: 69 - Tô Hiến Thành, Hai Bà Trưng",1
"- Hà Nội: tòa nhà Tasco, Nam Từ Liêm",1
"- Hà Nội: Tòa nhà Golden Palace, Mễ Trì, Nam Từ Liêm, Nam Từ Liêm",1
"- Đà Nẵng: 2F Vinh Trung Plaza, No. 255-257 Hung Vuong, Vinh Trung, Thanh Khê - Hà Nội: Tầng 4, Artemis, Số 3 Lê Trọng Tấn, Phương Liệt, Thanh Xuân",1
"- Hà Nội: đường dọc bún 2, phường Văn Khê, Hà Đông",1
"- Hà Nội: Tầng 2, Tòa N09B2 Thành Thái, Dịch Vọng, Cầu Giấy, Cầu Giấy",1
"- Hà Nội: : Unit 5, Tầng 14 Tòa Nhà Century Tower, 458 phố Minh Khai, Phường Vĩnh Tuy, Hai Bà Trưng",1
"- Hà Nội: Số 74 Hồ Đền Lừ, Phường Tương Mai, Hoàng Mai",1
"- Hà Nội: Audi Hanoi, 8 Phạm Hùng, phường Mễ Trì TP Hà Nội, Việt Nam, Nam Từ Liêm",1
"- Hà Nội: Toà Mitec, Đường Dương Đình Nghệ, Cầu Giấy, Cầu Giấy",1
"- Hà Nội: Số 20-16B1, Làng Việt Kiều Châu Âu, Phường Hà Đông, Hà Đông",1
- Hà Nội: Đống Đa,1
"- Hà Nội: Tòa VOV, 35 Nguyễn Đình Chiểu, Lê Đại Hành, Hai Bà Trưng - Hồ Chí Minh: Nguyễn XÍ, Bình Thạnh",1
"- Hà Nội: 34 Nguyễn Khánh Toàn, Phường Quan Hoa, Cầu Giấy",1
"- Hà Nội: Tầng 1, Tòa nhà HL, số 6/82 đường Duy Tân, phường Dịch Vọng Hậu, Cầu Giấy - Hà Nội: Đống Đa",1
"- Hà Nội: FLC FLC Landmark Tower Ngõ 60 P. Dương Khuê, Mỹ Đìn, Nam Từ Liêm",1
"- Hà Nội: 78 Duy Tân, Cầu Giấy",1
"- Hà Nội: FPT Tower - Số 10 Phạm Văn Bạch, Cầu Giấy - Hà Nội: Hòa Lạc (có xe đưa đón), Thạch Thất",1
"- Hà Nội: Tầng 3, Tháp B, Tòa nhà GreenPearl 378 Minh Khai, Vĩnh Tuy, Hai Bà Trưng",1
"- Hà Nội: Iris Garden, Số 30 đường Trần Hữu Dực, P. Mỹ Đình 2, Nam Từ Liêm",1
"- Hà Nội: Tầng 6, Toà nhà EuroWindow, số 27 đường Trần Duy Hưng, Phường Yên Hoà, Thành phố Hà Nội, Việt Nam, Cầu Giấy",1
"- Hồ Chí Minh: 110-112 Nguyễn Thị Nhung, Hiệp Bình Phước, Thủ Đức, Thủ Đức - Hà Nội: HD09-SP.BH-62 Vinhomes Ocean Park, Gia Lâm, Gia Lâm",1
"- Hà Nội: Tòa nhà The Vista, số 4, ngõ 15 Duy Tân, Cầu Giấy, Cầu Giấy",1
"- Hà Nội: Tầng 5, Tòa nhà IDMC Duy Tân, Số 21 Đường Duy Tân, Phường Cầu Giấy, Thành phố Hà Nội, Việt Nam, Cầu Giấy - Hồ Chí Minh: 3C Tôn Đức Thắng, phường Bến Nghé, Quận 1",1
"- Hà Nội: 15th Floor CIC Tower, 2/219 Trung Kinh, Yen Hoa Ward, Cau Giay Distric, Cầu Giấy",1
"- Hà Nội: Tầng 4, Tòa nhà Văn Phòng HH1 Meco Complex, Ng. 102 Trường Chinh, Phương Mai, Đống Đa",1
"- Hà Nội: Nhà khách ATS, số 8 Phạm Hùng, Nam Từ Liêm, Nam Từ Liêm - Hà Nội: Cầu Giấy - Hà Nội: Thanh Xuân",1
"- Hà Nội: Epic Tower, ngõ 19 Duy Tan, Cầu Giấy",1
"- Hà Nội: Tòa Keangnam, Phạm Hùng, Nam Từ Liêm, Nam Từ Liêm",1
"- Hà Nội: 48 Tố Hữu, Nam Từ Liêm",1
- Hồ Chí Minh - Hà Nội,1
"- Hà Nội: Tầng 2, CT2 Tràng An Complex, số 1 Phùng Chí Kiên, Nghĩa Đô, Cầu Giấy, Cầu Giấy",1
"- Hà Nội: Tầng 13, tòa nhà 789 số 147 Hoàng Quốc Việt, Cầu Giấy",1
"- Hà Nội: ố 6 ngõ 82 Duy Tân - Dịch Vọng Hậu, Cầu Giấy",1
"- Hà Nội: Số 190C4 Nguyễn Cảnh Dị, phường Đại Kim, Hoàng Mai, Hoàng Mai",1
"- Hà Nội: Tầng 2 tháp A, Toà nhà Rivera Park, 69 Vũ Trọng Phụng, P. Thanh Xuân Trung, Thanh Xuân",1
"- Hà Nội: Tòa FAFIM A, 19 Nguyễn Trãi, Thanh Xuân",1
"- Hà Nội: Số 3 - A24 Ngõ 385 Hoàng Quốc Việt, Phường Nghĩa Tân, Cầu Giấy",1
"- Hà Nội: Toà Viwaseen, 48 Tố Hữu, Nam Từ Liêm, Nam Từ Liêm",1
"- Hà Nội: Tòa nhà Epic, ngõ 19 Duy Tân, Cầu Giấy",1
"- Hà Nội: Toà Viwaseen, 48 Tố Hữu, Nam Từ Liêm",1
"- Hà Nội: 98 Hoàng Quốc Việt, Cầu Giấy",1
"- Hà Nội: Discovery Complex, 302 Cầu Giấy, Dịch Vọng, Cầu Giấy, Cầu Giấy",1
"- Hà Nội: Tòa nhà Toyota Thanh Xuân, số 315 Trường Chinh, Thanh Xuân",1
"- Hà Nội: Toà nhà Hoàng Ngọc, Ngõ 82 Dịch Vọng Hậu, Cầu Giấy",1
"- Hà Nội: 63 Lê Văn Lương, Trung Hòa, Cầu Giấy",1
"- Hà Nội: 103 Nguyễn Tuân, Thanh Xuân",1
"- Hà Nội: Tầng 6, Toà Peakview, 36 Hoàng Cầu, Đống Đa",1
"- Hà Nội: Tòa nhà Viettel Networks, ngõ 19 Duy Tân, Cầu Giấy",1
"- Hà Nội: Tầng 4, Số 74 Hồ Đền Lừ, Phường Tương Mai, Hoàng Mai",1
"- Hà Nội: 48 Tố Hữu, Nam Từ Liêm, Trung Văn, Từ Liêm",1
"- Hà Nội: Keangnam Landmark 72, Nam Từ Liêm",1
"- Hồ Chí Minh: F-Town 3, 3 Võ Chí Công, Phường Long Thạnh Mỹ Ho Chi Minh City, Vietnam, Thủ Đức - Hà Nội: Tòa nhà FPT Cầu Giấy, phố Duy Tân, phường Cầu Giấy, Thành phố Hà Nội, Việt Nam, Cầu Giấy - Đà Nẵng: Tòa nhà FPT Complex, đường Nam Kỳ Khởi Nghĩa, phường Ngũ Hành Sơn, Thành phố Đà Nẵng, Việt Nam, Ngũ Hành Sơn",1
"- Hà Nội: Toà FPT, số 10 Phạm Văn Bạch, Cầu Giấy",1
"- Hà Nội: 44 Lê Ngọc Hân, Hai Bà Trưng, Hai Bà Trưng",1
"- Hà Nội: 6th Element Nguyễn Văn Huyên, Tây Hồ, Tây Hồ",1
"- Hà Nội: Trần Hữu Dực, Nam Từ Liêm - Hà Nội: 110 trần p, Hà Đông",1
"- Hà Nội: Tòa N03T1 Ngoại Giao Đoàn, Xuân Tảo, Bắc Từ Liêm - Hà Nội: Tòa Technosoft, ngõ 17, phố Duy Tân, Cầu Giấy",1
"- Hà Nội: Tầng 5, Tòa nhà IDMC Duy Tân, Số 21 Đường Duy Tân, Phường Cầu Giấy, Thành phố Hà Nội, Việt Nam, Cầu Giấy",1
"- Hà Nội: Khu Dịch vụ Logistics, Cảng HKQT Nội Bài, Sóc Sơn",1
"- Hà Nội: 48 Tố Hữu, Trung Văn, Nam Từ Liêm",1
- Hà Nội: Đống Đa - Hà Nội: Hai Bà Trưng,1
"- Hà Nội: 5BT2, khu đô thị Mễ Trì Hạ, Mễ Trì, Bắc Từ Liêm",1
"- Hà Nội: Tầng 3 - Tòa nhà Detech - Số 8 Đường Tôn Thất Thuyết - Mỹ Đình 2, Nam Từ Liêm",1
"- Hà Nội: Tầng 6 tòa Detech Tower - Số 8, Tôn Thất Thuyết, Mỹ Đình 2, Nam Từ Liêm",1
"- Hà Nội: Tháp A Keangnam, Nam Từ Liêm",1
"- Hà Nội: Tòa Tây Hà Tower, 19 Tố Hữu, Nam Từ Liêm",1
"- Hà Nội: TÒA SKYLAND, N03 TRUNG YÊN 9, TRUNG HÒA, CẦU GIẤY, Cầu Giấy",1
"- Hà Nội: Tòa nhà Technosoft, ngõ 15 phố Duy Tân, Cầu Giấy - Hà Nội: Tòa N03T1 Ngoại Giao Đoàn- Xuân Tảo, Bắc Từ Liêm",1
"- Hà Nội: Keangnam Landmark 72, Phạm Hùng, Từ Liêm - Hồ Chí Minh: Viettel Building, 285 CMT8, p12, Quận 10",1
"- Hà Nội: Trung tâm đổi mới sáng tạo quốc gia, tòa NIC, số 6, ngõ 7 Tôn Thất Thuyết, Dịch Vọng, Cầu Giấy, Cầu Giấy",1
"- Hà Nội: Tầng 7, Tòa D29 Phạm Văn Bạch, Cầu Giấy",1
"- Hà Nội: Số 99 Trần Bình - Mỹ Đình 2 - Nam Từ Liêm, Nam Từ Liêm",1
"- Hà Nội: Đội Cấn, Ba Đình",1
"- Hà Nội: Toà nhà D'office, 28 Thành Thái, Dịch Vọng Hậu, Cầu Giấy",1
"- Hà Nội: số 35 Nguyễn Đình Chiểu- Hai Bà Trưng, Hai Bà Trưng",1
"- Hà Nội: The Legend Tower, 109 Nguyen Tuan, Thanh Xuân",1
"- Hà Nội: Tòa nhà N03-T3, Khu Ngoại Giao Đoàn, Phường Xuân Tảo, Bắc Từ Liêm",1
"- Hà Nội: Số 74 Hồ Đền Lừ, Phường Hoàng Văn Thụ, Hoàng Mai, Hoàng Mai",1
"- Hà Nội: Số 29, ngõ 121 Thái Hà, phường Trung Liệt, Đống Đa",1
"- Hà Nội: Tầng 15, tòa nhà văn phòng Discovery Complex, 302 Cầu Giấy, P.Dịch Vọng Hậu, Cầu Giấy",1
"- Hà Nội: W1 Vinhomes West Point, Đỗ Đức Dục, Từ Liêm, Từ Liêm",1
"- Hà Nội: Trần Hữu Dực, Nam Từ Liêm - Hà Nội: Dịch Vọng Hậu, Cầu Giấy - Hà Nội: 89 Láng Hạ, Đống Đa",1
"- Hà Nội: Tầng 8, tòa nhà Ladeco, số 266 Đội Cấn, Ba Đình",1
"- Hà Nội: Tầng 4 Tòa Garden Hill, số 99 Trần Bình, Nam Từ Liêm",1
"- Hà Nội: Lô số 8, Tầng 5, Tháp B, Tòa nhà D2 Giảng Võ, P. Giảng Võ, Ba Đình",1
"- Hà Nội: 15 Duy Tân, Dịch Vọng Hậu, Cầu Giấy, Cầu Giấy",1
"- Hà Nội: LUKLAK 168 Xã Đàn 2 (đường ven hồ), P. Nam Đồng, Đống Đa",1
"- Hà Nội: Tầng 2, Tòa BeaSky, Phạm Tu, Hoàng Mai, Hoàng Mai",1
"- Hà Nội: 82 Duy Tân, Cầu Giấy",1
"- Hà Nội: Tầng 2, Nhà 1B, Khu VL1, Khu Thương mại Dịch vụ Trung Văn, Phường Đại Mỗ, Nam Từ Liêm",1
"- Hà Nội: Tầng 4, tòa Green Park Tower, Lô 33, ngõ 6 Dương Đình Nghệ, phường Yên Hòa TP Hà Nội, Cầu Giấy, Cầu Giấy",1
"- Hồ Chí Minh: tòa PJICO, 186 Điện Biên Phủ, Quận 3 - Hà Nội: Tòa FPT Tower, số 10, Phạm Văn Bạch, Cầu Giấy",1
"- Hà Nội: Tòa nhà Sao Bắc, số 4 Dã Tượng, P. Cửa Nam, Hoàn Kiếm",1
"- Hà Nội: Địa chỉ làm việc: Số 21, Đường 800A, Nghĩa Đô,, Cầu Giấy",1
"- Hà Nội: 46 Bích Câu, Ô Chợ Dừa, Đống Đa",1
"- Hà Nội: Khu Ngoại Giao Đoàn, Xuân Tảo, Bắc Từ Liêm, Bắc Từ Liêm",1
- Hà Nội: Hai Bà Trưng - Hà Nội: Cầu Giấy - Hà Nội: Ba Đình,1
"- Hà Nội: Tháp Tây, Chung cư học viện Quốc Phòng, Nghĩa Đô, Tây Hồ",1
"- Hà Nội: Số 143 Đốc Ngữ, Ba Đình, Ba Đình",1
"- Hà Nội: 25 Tô Vĩnh Diện, Khương Trung, Thanh Xuân",1
"- Hà Nội: Tòa nhà Viettel Software, 36A Dịch Vọng Hậu, Cầu Giấy",1
"- Hà Nội: Tầng 3 Tòa nhà N03-T3, Khu Ngoại Giao Đoàn, Phường Xuân Đỉnh, Bắc Từ Liêm",1
"- Hà Nội: Tòa CTM Complex, số 139 đường Cầu giấy, Cầu Giấy",1
"- Hà Nội: Tầng 7, tòa Hancorp Tháp tây khu Văn phòng, Dịch Vọng, Cầu Giấy, Cầu Giấy",1
"- Hà Nội: Tầng 6, Tòa Ladeco 266 Đội Cấn, Ba Đình",1
"- Hà Nội: ầng 27 tòa nhà Ellipse , Trần Phú, Hà Đông",1
"- Hà Nội: Tòa nhà Discovery Complex – 302 Đường Cầu Giấy, Phường Dịch Vọng, Cầu Giấy",1
"- Hà Nội: 36a Dịch Vọng Hậu, Cầu Giấy, Cầu Giấy",1
"- Hà Nội: Trần Duy Hưng, Cầu Giấy",1
"- Hà Nội: Trần Hữu Dực, Nam Từ Liêm - Hà Nội: Lạc Long Quân, Bắc Từ Liêm - Hà Nội: Dịch Vọng Hậu, Cầu Giấy - Hà Nội: 89 Láng Hạ, Đống Đa - Hồ Chí Minh: Tháp 3A1, số 3A-3B Tôn Đức Thắng, phường Bến Nghé, Quận 1 ...và 2 địa điểm khác Thu gọn",1
"- Hà Nội: Ekotek Technology Office, Floor 4, CIC Tower, Nguyen Thi Due Street, Yen Hoa, Cầu Giấy",1
"- Hà Nội: Lô 05 tầng 2A tòa 27A3 khu chung cư Green Star 232 Phạm Văn Đồng, Bắc Từ Liêm",1
"- Hà Nội: HUD Tower 37 Lê Văn Lương, Nhân Chín, Thanh Xuân",1
"- Hà Nội: DOJI Tower, số 5 Lê Duẩn, Ba Đình",1
"- Hà Nội: Số 38 Đỗ Đức Dục, Phường Mễ Trì, Nam Từ Liêm",1
"- Hà Nội: Số 9A, Thanh Trì, Thanh Trì",1
"- Hà Nội: ICOM Building, Số 17/93 Trần Thái Tông, Dịch Vọng, Cầu Giấy",1
"- Hà Nội: Số 1 Lương Yên, Hai Bà Trưng, Hai Bà Trưng",1
"- Hà Nội: Khu Ngoại Giao Đoàn, Xuân Đỉnh, Bắc Từ Liêm",1
"- Hà Nội: Tây Hà Tower, 19 Tố Hữu, Nam Từ Liêm",1
"- Hà Nội: Số 1 Phạm Huy Thông, Ngọc Khán, Ba Đình",1
"- Hà Nội: 58 Tố Hữu, Nam Từ Liêm",1
"- Hà Nội: Tòa N03-T3, Khu Ngoại Giao Đoàn, Phường Xuân Tảo, Bắc Từ Liêm",1
"- Hà Nội: Nhà máy 3: Lô 41D - KCN Quang Minh, Mê Linh",1
"- Hà Nội: Số B16-09 Khu đô thị Vinhomes Gardenia, Đường Hàm Nghi, Phường Từ Liêm, Nam Từ Liêm - Hồ Chí Minh: Số 124 Huỳnh Tấn Phát, Phường Tân Thuận, Quận 7",1
"- Hà Nội: Tòa nhà Hancorp, 72 Trần Đăng Ninh, Cầu Giấy",1
"- Hà Nội: Keangnam Landmark 72, Phạm Hùng, Từ Liêm - Hồ Chí Minh: Viettel Building, 285 CMT8, Quận 10",1
"- Hà Nội: 143 Nguyễn Tuân, Thanh Xuân, Thanh Xuân",1
"- Hà Nội: Hàm Nghi, Nam Từ Liêm",1
"- Hà Nội: Tầng 9, tòa nhà CIT – ngõ 15 Duy Tân, Cầu Giấy",1
"- Hà Nội: Tầng 10 Tháp Tây, Tòa nhà Hancorp Plaza, Số 72 Trần Đăng Ninh, Phường Dịch Vọng Hậu Thành phố Hà Nội, Việt Nam, Cầu Giấy",1
"- Hà Nội: 152 Thuỵ Khê, Tây Hồ",1
"- Hà Nội: Số 11, Ngõ 89, Phố Kim Quan Thượng, Phường Việt Hưng, Long Biên, Long Biên",1
"- Hà Nội: Số 6/767 - Nguyễn Khoái, Hoàng Mai",1
"- Hà Nội: Hoa Đăng Office, 290 Nguyễn Trãi, Trung Văn, Nam Từ Liêm, Nam Từ Liêm",1
- Hà Nội: Hoàn Kiếm,1
"- Hà Nội: số 5 Tân Triều - Thanh Trì, Thanh Trì",1
"- Hà Nội: No 17, Alley 575, Kim Ma Street, Ba Đình",1
"- Hà Nội: CT2 Tràng An Complex, số 1 Phùng Chí Kiên, Nghĩa Đô, Cầu Giấy, Cầu Giấy",1
"- Hà Nội: Lô A2, Đường CN4, Minh Khai, Bắc Từ Liêm, Bắc Từ Liêm",1
"- Hà Nội: 26 Lô A20, KĐT Geleximco A, Hoài Đức, Nam Từ Liêm",1
"- Hà Nội: 72 Dương Khuê, Nam Từ Liêm",1
"- Hà Nội: Tầng 4, Tòa The Garden Hill, 99 Trần Bình, Nam Từ Liêm",1
"- Hà Nội: Tòa nhà Viwaseen 48 đường Tố Hữu, phường Trung Văn, Nam Từ Liêm",1
"- Hà Nội: Tràng An Complex số 1 Phùng Chí Kiên, Nghĩa Đô, Cầu Giấy",1
"- Hà Nội: Phạm Hùng, Cầu Giấy",1
"- Hà Nội: Tòa CTM số 130 đường Cầu giấy, Quan Hoa, Cầu Giấy",1
- Hà Nội: Gia Lâm,1
"- Hà Nội: 85 Nguyễn Ngọc Vũ, Thanh Xuân",1
"- Hà Nội: Tòa Wecozy, số 3 Lê Văn Hưu, Phạm Đình Hổ, Hai Bà Trưng",1
- Hà Nội: Tây Hồ,1
"- Hà Nội: 127 Lò Đúc, Hai Bà Trưng",1
"- Hà Nội: Tầng 14 -17 , toà nhà văn phòng MD Complex, 68 Nguyễn Cơ Thạch, KĐT Mỹ Đình I, P. Cầu Diễn, Nam Từ Liêm",1
"- Hà Nội: 21 Cát Linh, Đống Đa - Hà Nội: Tòa Tràng An, Hoàng Quốc Việt, Cầu Giấy - Hà Nội: 36 Giang Văn Minh, Ba Đình",1
"- Hà Nội: 289 Khuất Duy Tiến, Đại Mỗ, Thanh Xuân - Hồ Chí Minh: Số 3 Nguyễn Lương Bằng, Quận 7",1
"- Hà Nội: Sacombank Lê Đức Thọ, Mỹ Đình, Nam Từ Liêm",1
"- Hà Nội: iMedia Tower, 508 Trường Chinh, Đống Đa",1
"- Hà Nội: Hoàng Cầu, Đống Đa",1
"- Hồ Chí Minh: Số H.54 đường Huỳnh Tấn Chùa, phường Đông Hưng Thuận, Quận 12 - Hà Nội: nhà khách ATS, số 8 Phạm Hùng, Mễ Trì, Nam Từ Liêm",1
"- Hồ Chí Minh: F-Town 3, 3 Võ Chí Công, Phường Long Thạnh Mỹ Ho Chi Minh City, Vietnam, Thủ Đức - Hà Nội: Tòa nhà FPT Cầu Giấy, phố Duy Tân, phường Cầu Giấy, Thành phố Hà Nội, Việt Nam, Cầu Giấy - Đà Nẵng: Tòa nhà FPT Complex, đường Nam Kỳ Khởi Nghĩa, phường Ngũ Hành Sơn, Thành phố Đà Nẵng, Việt Nam, Ngũ Hành Sơn - Thừa Thiên Huế: The Manor Crown, 62 To Huu, Hue City, TP Huế ...và 1 địa điểm khác Thu gọn",1
"- Hồ Chí Minh: F-Town 3, 3 Võ Chí Công, Phường Long Thạnh Mỹ Ho Chi Minh City, Vietnam, Thủ Đức - Hà Nội: Tòa nhà FPT Cầu Giấy, phố Duy Tân, phường Cầu Giấy, Thành phố Hà Nội, Việt Nam, Cầu Giấy",1
"- Hà Nội: số 35 Lê Văn Thiêm, Thanh Xuân, Thanh Xuân",1
"- Hà Nội: 37 Lê Văn Lương, Thanh Xuân",1
"- Hà Nội: Hãng Kiểm toán AASC, Số 1, Lê Phụng Hiểu, Tràng Tiền, Hoàn Kiếm",1
"- Hà Nội: Lô 7, Khu Thấp tầng, Khu Ngoại giao đoàn, phường Xuân Đỉnh, Từ Liêm",1
"- Hà Nội: Tòa B6-01, Vinhomes Gardenia Hàm Nghi, Nam Từ Liêm, Nam Từ Liêm",1
"- Hà Nội: số 12 ngõ 36 xuân thủy, Cầu Giấy",1
"- Hà Nội: Tầng 8 Tòa Hội Nhà báo Việt Nam, Dương Đình Nghệ, Cầu Giấy",1
"- Hà Nội: Số 676 Hoàng Hoa Thám, phường Bưởi, Tây Hồ",1
"- Hà Nội: Dương Đình Nghệ, Cầu Giấy",1
"- Hà Nội: B10-16 Khu B Geleximco đường Lê Trọng Tấn, phường Dương Nội, Hà Đông",1
"- Hồ Chí Minh: 3rd Floor, Etown Building, No. 364 Cong Hoa Street, Tan Binh Ward, Ho Chi Minh City, Tân Bình - Hà Nội: 5th, 6th, and 7th Floors, HITC Building, No. 239 Xuan Thuy Street, Cau Giay Ward, Hanoi City, Cầu Giấy - Đà Nẵng: 19th Floor, VietinBank Building, No. 36 Tran Quoc Toan Street, Hai Chau Ward, Da Nang City, Hải Châu",1
"- Hà Nội: Tòa Lilama 10, 56 Tố Hữu, Nam Từ Liêm",1
"- Hà Nội: 117 Trần Duy Hưng, Trung Hòa, Cầu Giấy, Cầu Giấy",1
"- Hà Nội: Tầng 22 tòa nhà Viwaseen, số 48 Tố Hữu, Trung Văn, Nam Từ Liêm",1
"- Hà Nội: Trung Hòa, Cầu Giấy, Cầu Giấy",1
- Hà Nội: Long Biên,1
"- Hà Nội: số 1 Hoàng Đạo Thúy, Thanh Xuân",1
"- Hà Nội: Số 79+81 phố Trần Xuân Soạn, P.Phạm Đình Hổ, Hai Bà Trưng",1
"- Hà Nội: Số 21 Ngõ Giếng, Phố Đông Các, Phường Đống Đa, Thành phố Hà Nội, Việt Nam., Đống Đa",1
"- Hà Nội: 19 Duy Tân, Cầu Giấy, Cầu Giấy",1
"- Hà Nội: Lê Ngọc Hân, Hai Bà Trưng",1
"- Hà Nội: 72 Trần Đăng Ninh, Cầu Giấy",1
"- Hà Nội: Tầng 3 - Tòa nhà Detech - Số 8 Đường Tôn Thất Thuyết - Phường Cầu Giấy, Nam Từ Liêm",1
"- Hà Nội: Tầng 10, tòa nhà 3D Creative Center, Cầu Giấy",1
"- Hà Nội: 55 Nguyễn Văn Giáp, Cầu Diễn, Nam Từ Liêm",1
"- Hà Nội: Tầng 8, tòa Ladeco, số 266 Đội Cấn, Ba Đình",1
"- Hà Nội: Số 48 Vạn Bảo, Phường Ngọc Khánh, Ba Đình",1
"- Hà Nội: Số 5 Lê Duẩn, Ba Đình",1
"- Hà Nội: Tầng KT, Tòa nhà Green Park, 33 Dương Đình Nghệ, Cầu Giấy, Cầu Giấy",1
"- Hà Nội: Số 96 Phố Nguyễn Đình Hoàn, Phường Nghĩa Đô, Cầu Giấy",1
"- Hà Nội: 444 Hoàng Hoa Thám, Tây Hồ",1
"- Hà Nội: Tòa Ladeco 266 Đội Cấn, Ba Đình",1
"- Hà Nội: 34 Láng Hạ, Đống Đa, Đống Đa",1
"- Hà Nội: Ngõ 100 Dịch Vọng Hậu, Cầu Giấy",1
"- Hà Nội: Số 12 Ngõ 1 Dịch Vọng Hậu, Cầu Giấy",1
"- Hà Nội: Tầng 15, tháp Văn phòng, Discovery Complex, 302 Cầu Giấy, phường Dịch Vọng Hậu, Cầu Giấy",1
"- Hà Nội: Số 6 ngõ 82 Duy Tân - Dịch Vọng Hậu, Cầu Giấy",1
"- Hà Nội: Tầng 7, FPT Tower, Số 10 Phạm Văn Bạch, Dịch Vọng, Cầu Giấy",1
"- Hà Nội: Handico Phạm Hùng, Nam Từ Liêm",1
"- Hà Nội: Tasco building, HH2-2 Phạm Hùng, Từ Liêm",1
"- Hà Nội: YÊN VIÊN, GIA LÂM, Gia Lâm",1
"- Hà Nội: Tầng 12 Toà nhà CTM Số 139 Cầu Giấy, Cầu Giấy",1
"- Hà Nội: 270 Thụy Khuê, Tây Hồ",1
"- Hà Nội: Văn phòng đối tác (Onsite): Tòa nhà Keangnam Landmark 72, Cầu Giấy",1
"- Hà Nội: Toà HUD Lê Văn Lương, Thanh Xuân",1
"- Hà Nội: Số 1 Lương Yên,, Hai Bà Trưng",1
"- Hà Nội: tòa MHDI, Nam Từ Liêm",1
"- Hà Nội: 28 Dương Đình Nghệ, Cầu Giấy",1
"- Hà Nội: 124 Hoàng Quốc Việt, Cầu Giấy",1
"- Hà Nội: số 22 ngõ 17 Tạ Quang Bửu, Hoàng Mai",1
"- Hà Nội: 93 Bạch Mai, Hai Bà Trưng",1
"- Hà Nội: Tòa 6th Element Nguyễn Văn Huyên, Cầu Giấy",1
"- Hà Nội: Tầng 12, Tòa nhà CTM Số 139 Cầu Giấy, Cầu Giấy",1
"- Hà Nội: 74 Khúc Thừa Dụ, Dịch Vọng, Cầu Giấy",1
"- Hồ Chí Minh: Tòa PJICO, 186 Điện Biên Phủ,, Quận 3 - Hà Nội: tòa FPT Tower, số 10 Phạm Văn Bạc, Cầu Giấy",1
"- Hà Nội: 11 Duy Tân, Cầu Giấy",1
"- Hà Nội: 266 Đội Cấn, Ba Đình",1
"- Hà Nội: Lô NM5 Cụm Công Nghiệp Phú Thị, Gia Lâm",1
"- Hà Nội: ngõ 20 phố Đức Giang, Long Biên - Hà Nội: 37 Lê văn lương, Cầu Giấy",1
"- Hà Nội: Tòa nhà Tasco, Phạm Hùng, Nam Từ Liêm",1
"- Hà Nội: Tầng 14- Tòa ICON4 Tower, số 243A La Thành, Đống Đa",1
"- Hà Nội: 38 Nguyễn Xuân Nham, Cầu Giấy",1
"- Hà Nội: 106 Hoàng Quốc Việt, Cầu Giấy - Hồ Chí Minh: 43 Thảo Điền, Quận 2",1
"- Hà Nội: 127 Lò Đúc, Hai Bà Trưng - Hà Nội: 21 Cát Linh, Đống Đa",1
"- Hà Nội: Nhà số 5, Sunrise E, Khu đô thị The Manor Central Park, đường Nguyễn Xiển, Hoàng Mai, Hoàng Mai",1
"- Hà Nội: Tòa nhà A Sông Đà, Đường Phạm Hùng, Phường Mỹ Đình I Hà Nội, Việt Nam, Nam Từ Liêm",1
"- Hà Nội: Tòa CT1B, khu MonHD, đường Nguyễn Cơ Thạch, Nam Từ Liêm",1
"- Hà Nội: 19 Lê văn lương, Cầu Giấy",1
"- Hà Nội: VOV Mễ Trì, Nam Từ Liêm",1
"- Hà Nội: Unit 5, Tầng 14 Tòa Nhà Century Tower, 458 phố Minh Khai, Phường Vĩnh Tuy, Hai Bà Trưng",1
"- Hà Nội: Phường Giảng Võ, Ba Đình",1
"- Hà Nội: Tòa MBBank- 21 Cát Lin, Đống Đa",1
"- Hà Nội: B17-17 Đường Violet 2, KĐT Vinhome Gardenia, Hàm Nghi, Mỹ Đình, Nam Từ Liêm",1
"- Hà Nội: Tòa nhà Tasco, Lô HH2-2 Phạm Hùng, Từ Liêm",1
"- Hà Nội: Tầng 14- Tòa ICON4 Tower -số 243A La Thành, Đống Đa - Vĩnh Phúc: Phúc Thắng, Phúc Yên",1
"- Hà Nội: 33 BT4 Bán Đảo Linh Đàm, Hoàng Liệt, Hoàng Mai, Hoàng Mai",1
"- Hà Nội: Tôn Thất Thuyết, Cầu Giấy",1
"- Hà Nội: Tầng 10 - The West Tower - 265 Cầu Giấy, Cầu Giấy",1
"- Hà Nội: 170 Đê La Thành, Ô Chợ Dừa, Đống Đa",1
"- Hà Nội: 106 Hoàng Quốc Việt, Cầu giấy, Cầu Giấy",1
"- Hà Nội: Lô C3.1- C3.2 Khu công nghệ cao Hòa Lạc, Quốc Oai - Hà Nội: Lô C3.1- C3.2 Khu công nghệ cao Hòa Lạc, Thạch Thất",1
"- Hà Nội: Tòa Web3 Số 15 Ngõ 4 Duy Tân, Cầu Giấy",1
"- Hà Nội: số 35 Nguyễn Đình Chiểu, Hai Bà Trưng, Hai Bà Trưng - Hồ Chí Minh: Tầng 6, Tòa nhà Văn phòng Tổng công ty xây dựng Thủy Lợi 4, Số 286-288, Nguyễn Xí, P. 13, Bình Thạnh",1
"- Hưng Yên: Yên Mỹ, Yên Mỹ - Hà Nội: Điểm xe đưa đón Nguyễn Tuân, Thanh Xuân",1
"- Hà Nội: Cát Linh, Đống Đa - Hà Nội: Hoàng Quốc Việt, Cầu Giấy - Hà Nội: Giang Văn Minh, Ba Đình",1
"- Hà Nội: 83 Trung Kính, phường Trung Hòa, Cầu Giấy",1
"- Hà Nội: Tòa nhà Suced, số 108 đường Nguyễn Hoàng, Phường Từ Liêm, Nam Từ Liêm",1
"- Hà Nội: Tầng 12, Tòa nhà CTM 139 Cầu Giấy, Cầu Giấy",1
"- Hà Nội: Tòa nhà CTM Complex, số 139 đường Cầu Giấy, Cầu Giấy",1
"- Hà Nội: 22 Láng Hạ, Đống Đa",1
"- Hà Nội: 11 Duy Tân, Dịch Vọng Hậu, Cầu Giấy",1
"- Hà Nội: 48 Tố Hữu, Nam Từ Liêm, Trung Văn, Nam Từ Liêm",1
"- Hà Nội: 71 Ngô Sỹ Liên, Đống Đa",1
"- Hà Nội: Cự Khối, Long Biên",1
"- Hà Nội: Vinaconex Diamond Tower, 459 C Bach Mai, Truong Dinh, Hai Ba Trung, Hanoi, Hai Bà Trưng",1
"- Hà Nội: 5 Nguyễn Thị Duệ, Cầu Giấy",1
"- Hà Nội: 8 Phạm Hùng , phường Mễ Trì TP Hà Nội, Việt Nam, Nam Từ Liêm",1
"- Hồ Chí Minh: Tầng 6, tòa nhà Exchange, Số 1 Nam Kỳ Khởi Nghĩa, Quận 1 - Hà Nội: Tầng 10, tòa FPT, số 10 Phạm Văn Bạch, Cầu Giấy",1
"- Hà Nội: 699 Vũ Tông Phan, Thanh Xuân",1
"- Hà Nội: Trung tâm Dữ liệu Pháp Vân, Hoàng Mai - Hà Nội: 85 Vũ Trọng Phụng, Thanh Xuân, Thanh Xuân",1
"- Hà Nội: C50-LK13, No 09, KĐT Geleximco Lê Trọng Tấn, Dương Nội, Hà Đông, Hà Đông",1
"- Hà Nội: Tầng 3, tháp 1-2 tòa nhà Dolphin Plaza, số 28 đường Trần Bình, phường Mỹ Đình 2, Nam Từ Liêm",1
"- Hà Nội: Tầng 10, Tòa nhà IPH, 241 Xuân Thủy, phường Dịch vọng Hậu, Cầu Giấy",1
"- Hà Nội: Số 53 ngõ 155 Nguyễn Khang, Cầu Giấy",1
"- Hà Nội: Tầng 6, Tháp B Tòa Central Point 219 Trung Kính, Yên Hòa, Cầu Giấy, Cầu Giấy",1
"- Hà Nội: Hoàng Đạo Thuý, phường Trung Hoà, Cầu Giấy",1
"- Hà Nội: Tòa nhà MB Bank , Số 21 Cát Lin, Đống Đa - Hà Nội: Tầng 6, Tòa nhà Tràng An Complex, số 1 Phùng Chí Kiên, Cầu Giấy, Cầu Giấy - Hà Nội: Tòa Capital Building, 58C Kim Mã, Ba Đình, Ba Đình",1
"- Hà Nội: Số 11 Nguyễn Khả Trạc, Mai Dịch, Cầu Giấy",1
"- Hà Nội: 79 Dịch Vọng Hậu, Cầu Giấy, Cầu Giấy",1
"- Hà Nội: Tầng 9, tháp A, tòa HUDTOWER, số 37 Lê Văn Lương, Phường Nhân Chính, Thanh Xuân",1
"- Hà Nội: Tòa nhà Minh Thu building, ô số 48, khu C, đường Phú Mỹ, Phường Từ Liêm, Nam Từ Liêm",1
"- Hà Nội: Tòa N03T1 Ngoại Giao Đoàn, Xuân Tảo, Bắc Từ Liêm",1
"- Hà Nội: 9A Thanh Liệt, Thanh Trì",1
"- Hà Nội: Tòa nhà Detech số 8 Tôn Thất Thuyết, Nam Từ Liêm",1
"- Hà Nội: 58 Lưu Hữu Phước, Cầu Diễn, Nam Từ Liêm",1
"- Hà Nội: Toà FPT Tower, số 10 , Phạm Văn Bạch, Dịch Vọng Hậu, Cầu Giấy",1
"- Hà Nội: 103 Nguyễn Tuân, Phường Thanh Xuân Trung, Thanh Xuân",1
"- Hà Nội: Tòa N03T6 Ngoại Giao Đoàn - Xuân Tảo, Bắc Từ Liêm",1
"- Hà Nội: Tầng 6, tòa nhà Hồng Hà, 25 Lý Thường Kiệt, Hoàn Kiếm",1
"- Hà Nội: Tòa Rivera Park, 69 Vũ Trọng Phụng, Thanh Xuân",1
"- Hà Nội: Tầng 7 – Tòa Nhà Intracom – 82 Dịch vọng Hậu, Cầu Giấy",1
"- Hà Nội: Tòa nhà Đồng Lợi, số 2 ngõ 1160 Đường Láng, Láng Thượng, Đống Đa",1
"- Hà Nội: Tầng 14, tòa ICON4 tower, số 243A La Thành, phường Láng, Đống Đa",1
"- Hà Nội: ngõ 409 Tam Trinh, Hoàng Mai - Bắc Giang: số 2 Xương Giang, TP Bắc Giang - Đà Nẵng: Số 59 Trần Phú, Hải Châu",1
"- Hà Nội: Tòa nhà Gelex, 52 Lê Đại Hành, Hai Bà Trưng",1
"- Hà Nội: Tòa Web3, Số 15 Ngõ 4, Duy Tân, Dịch Vọng Hậu, Cầu Giấy, Cầu Giấy",1
"- Hà Nội: Toà Bateco Building, Lô B44, Khu đấu giá 3Ha, Phúc Diễn, Bắc Từ Liêm, Bắc Từ Liêm",1
"- Hà Nội: Tầng 4, tòa nhà King Building, 7 Chùa Bộc, Kim Liên, Đống Đa",1
"- Hà Nội: Xuân La, Tây Hồ",1
"- Hà Nội: Đường Duy Tân, Phường Dịch Vọng Hậu, Cầu Giấy",1
"- Hà Nội: 15-TM1A-1, Khu Đô Thị Nam Đường Vành Đai 3, Phường Định Công, Hoàng Mai",1
"- Hà Nội: D29 Phạm Văn Bạch, Cầu Giấy",1
"- Hà Nội: 97 Láng Hạ, Phường Đống Đa, Đống Đa",1
"- Hà Nội: Số 15 ngõ 71 Nguyễn Thị Định, Trung Hòa, Cầu Giấy",1
"- Hà Nội: Tòa nhà 15+17, ngõ 81 Láng Hạ, Thành Công, Ba Đình",1
"- Hà Nội: Số 270 Thụy Khuê, Tây Hồ",1
"- Hà Nội: Tòa Handico Phạm Hùng, Phường Mễ Trì, Nam Từ Liêm",1
"- Hà Nội: Yên Lãng, Đống Đa",1
"- Hà Nội: Tầng 4- Số 11 Nguyển Xiển - Thanh Xuân, Thanh Xuân",1
"- Hà Nội: Tầng 17, tòa nhà 24T2, số 85 Vũ Trọng Phụng, Thanh Xuân",1
"- Hà Nội: Đường Trịnh Văn Bô, Nam Từ Liêm",1
"- Hà Nội: Center Building, 85 Vũ Trọng Phụng,, Thanh Xuân",1
"- Hà Nội: 60 Hoàng Quốc Việt, Cầu Giấy",1
"- Hà Nội: Tòa nhà Sông Đà, Phạm Hùng, Mỹ Đình 1, Nam Tu Liem, Ha Noi, Nam Từ Liêm",1
"- Hà Nội: 117 Trần Duy Hưng - Tòa Charmvit Tower - Cầu Giấy, Cầu Giấy",1
"- Hà Nội: 79 Dịch Vọng Hậu, Cầu Giấy",1
"- Hà Nội: 30/304 Hồ Tùng Mậu, Bắc Từ Liêm, Bắc Từ Liêm",1
"- Hà Nội: Số 1 Thái Hà, Phường Trung Liệt, Đống Đa",1
"- Hà Nội: tầng 5, toà nhà AC Building, số 3 ngõ 78 Duy Tân, Cầu Giấy",1
"- Hà Nội: 43 Lê Văn Lương, Thanh Xuân",1
"- Hà Nội: Số 18 Lê Văn Lương, Yên Hòa, Cầu Giấy, Thanh Xuân",1
"- Hà Nội: Trần Hưng Đạo, Hoàn Kiếm",1
"- Hà Nội: B5/D7 Ngõ 25 Thọ Tháp, P Dịch Vọng, Cầu Giấy",1
"- Hà Nội: Tầng 9, tháp A, tòa HUDTOWER, số 37 Lê Văn Lương, Phường Thanh Xuân, Thanh Xuân",1
"- Hà Nội: Khu đô thị Louis City, Phường Đại Mỗ, Nam Từ Liêm",1
"- Hà Nội: Tầng 2 Tòa nhà Hanoitourist, số 18 Lý Thường Kiệt, Hoàn Kiếm",1
"- Hà Nội: Tầng 3 Hoàng Ngọc Tower, Lô C2C, ngõ 72 Trần Thái Tông, Phường Dịch Vọng Hậu Thành phố Hà Nội, Việt Nam, Cầu Giấy",1
"- Hà Nội: F-Ville 1, Khu CNC Hòa Lạc (có xe đưa đón)., Thạch Thất",1
"- Hà Nội: Tầng 4, Số 74 Hồ Đền Lừ, Phường Hoàng Mai, Hoàng Mai",1
"- Hưng Yên: Trung Hòa, Yên Mỹ - Hà Nội: Thanh Xuân",1
"- Hà Nội: Villa M10 - L17, Khu A, KĐT Dương Nội, P. La Khê Hà Nội, Vietnam., Hà Đông",1
"- Hưng Yên: Yên Mỹ, Yên Mỹ - Hà Nội: Điểm xe đưa đón tại Nguyễn Tuân, Thanh Xuân",1
"- Hà Nội: Tầng 10, Tòa nhà Việt, Số 1 Thái Hà, Đống Đa",1
"- Hà Nội: Lô 35, KCN Quang Min, Mê Linh",1
"- Hà Nội: 72 Trần Hưng Đạo, Hoàn Kiếm, Hoàn Kiếm",1
"- Hà Nội: Số 2 Nguyễn Hoàng, Nam Từ Liêm, Nam Từ Liêm",1
"- Hà Nội: o 27th Floor, East Tower, Lotte Center Hanoi, 54 Lieu Giai, Ba Đình",1
"- Hà Nội: Số 131 Lê Thanh Nghị - Hai Bà Trưng, Hai Bà Trưng - Hà Nội: Số 38 Thành Trung - Gia Lâm, Gia Lâm - Bắc Ninh: Số 299 Minh Khai - Từ Sơn, Từ Sơn - Hồ Chí Minh: 478 Cách Mạng Tháng 8 - Nhiêu Lộc, Quận 3 ...và 1 địa điểm khác Thu gọn",1
"- Hà Nội: Trụ sở chính: Nhà khách ATS, số 8 Phạm Hùng, Phường Mễ Trì, Nam Từ Liêm - Hà Nội: Cầu Giấy",1
"- Hà Nội: Tasco building, số 2 Phạm Hùng, Nam Từ Liêm",1
"- Hà Nội: Tầng 6, Tòa văn phòng 2, Tòa nhà Sun Square 21 Lê Đức Thọ, Nam Từ Liêm",1
"- Hà Nội: Toà 21T2, 83 Vũ Trọng Phụng, Thanh Xuân Trung, Thanh Xuân, Thanh Xuân",1
"- Hà Nội: 4th floor, Artemis Building, 3 Le Trong Tan Street, Khuong Mai Ward, Thanh Xuân - Đà Nẵng: 2F Vinh Trung Plaza, No. 255-257 Hung Vuong, Vinh Trung, Thanh Khê",1
"- Hà Nội: Tòa nhà Hapulico – Center Building, số 85 Vũ Trọng Phụng, Thanh Xuân",1
"- Hà Nội: Tầng 8, Toà nhà Ladeco, 266 Đội Cấn, Ba Đình",1
"- Hà Nội: Toà nhà Mỹ Đình Plaza 1, 138 Trần Bình, Nam Từ Liêm",1
"- Hà Nội: Tòa nhà Nam Anh - 68/116 Nhân Hòa - Nhân Chính, Thanh Xuân",1
"- Hà Nội: Tầng 3 ,Toà F-Zone ,Vinhomes Smart City, phường Tây Mỗ, Nam Từ Liêm",1
"- Hà Nội: Dịch Vọng Hậu, Cầu Giấy, Thanh Xuân",1
"- Hà Nội: tòa HUDTOWER, số 37 Lê Văn Lương, Phường Thanh Xuân, Thanh Xuân",1
"- Hà Nội: 03 Lê Văn Hưu, P.Phạm Đình Hổ, Hai Bà Trưng",1
"- Hà Nội: 60B Nguyễn Huy Tưởng, Thanh Xuân Trung, Thanh Xuân",1
"- Hồ Chí Minh: Tòa nhà E-town, 364 Cộng Hòa, Phường 13, Tân Bình - Hà Nội: Tòa nhà HITC, số 239 Xuân Thủy, Phường Dịch Vọng Hậu, Cầu Giấy - Đà Nẵng: Tòa nhà Camelia, số 773 Ngô Quyền, Phường An Hải, Sơn Trà",1
"- Hà Nội: Nguyễn văn Trác - Yên Nghĩa - Hà Đông, Hà Đông",1
